{
  "diagnosis": {
    "accuracy": 0.5997794928335171,
    "top1_accuracy": 0.5997794928335171,
    "top3_accuracy": 0.7078280044101434,
    "macro_f1": 0.28991685388576377,
    "weighted_f1": 0.5629433197551307,
    "overall": 0.5520494327436143
  },
  "comorbidity": {
    "hamming_accuracy": 0.395350973906652,
    "subset_accuracy": 0.08820286659316427,
    "comorbidity_detection_f1": 0.1927144535840188,
    "label_coverage": 0.6844909959573686,
    "label_precision": 0.42061742006615216,
    "avg_predicted_labels": 1.8180815876515988,
    "avg_gold_labels": 1.12348401323043
  },
  "four_class": {
    "accuracy": 0.358,
    "macro_f1": 0.2535578698400951,
    "weighted_f1": 0.32528248955928735,
    "n_cases": 1000
  }
}