{
  "schema_version": "v2",
  "run_id": "lingxi_both_n1000",
  "dataset": "lingxidiag16k",
  "num_cases": 1000,
  "metrics": {
    "diagnostics_internal": {
      "comorbidity": {
        "avg_gold_labels": 1.091,
        "avg_predicted_labels": 1.0,
        "comorbidity_detection_f1": 0.0,
        "hamming_accuracy": 0.4799999999999999,
        "label_coverage": 0.4799999999999999,
        "label_precision": 0.508,
        "subset_accuracy": 0.453
      },
      "diagnosis": {
        "accuracy": 0.453,
        "macro_f1": 0.2230418762354871,
        "overall": 0.4263189583177468,
        "top1_accuracy": 0.502,
        "top3_accuracy": 0.502,
        "weighted_f1": 0.45155291535324676
      },
      "four_class": {
        "accuracy": 0.368,
        "macro_f1": 0.20650846003271392,
        "n_cases": 1000,
        "weighted_f1": 0.2625701230793983
      }
    },
    "metric_definitions": {
      "diagnostics_internal.diagnosis.top1_accuracy": "primary == first gold (single-label, deprecated for paper citation)",
      "diagnostics_internal.pilot_comparison_top1": "parent(primary) == parent(first gold) (single-label parent)",
      "paper_canonical_top1": "table4.12class_Top1 (multi-label paper alignment)"
    },
    "table4": {
      "12class_Acc": 0.452,
      "12class_F1_macro": 0.18450729433895685,
      "12class_F1_weighted": 0.4298003163936595,
      "12class_Top1": 0.507,
      "12class_Top3": 0.8,
      "12class_n": 1000,
      "2class_Acc": 0.7780126849894292,
      "2class_F1_macro": 0.7680300490769435,
      "2class_F1_weighted": 0.8095712824561381,
      "2class_n": 473,
      "4class_Acc": 0.451,
      "4class_F1_macro": 0.3645292708823232,
      "4class_F1_weighted": 0.37775393693276965,
      "4class_n": 1000,
      "Overall": 0.5383822577336564
    }
  },
  "slice_metrics": [
    {
      "abstention_rate": 0.0,
      "num_cases": 370,
      "slice": "F32",
      "top1_accuracy": 0.8378378378378378
    },
    {
      "abstention_rate": 0.0,
      "num_cases": 36,
      "slice": "F42",
      "top1_accuracy": 0.5
    },
    {
      "abstention_rate": 0.0,
      "num_cases": 998,
      "slice": "somatized_expression",
      "top1_accuracy": 0.5020040080160321
    },
    {
      "abstention_rate": 0.0,
      "num_cases": 2,
      "slice": "direct_expression",
      "top1_accuracy": 0.5
    }
  ]
}