{
  "condition": "psycot_bge-m3_evidence",
  "n_cases": 200,
  "metrics_parent_normalized": {
    "accuracy": 0.105,
    "top1_accuracy": 0.41,
    "top3_accuracy": 0.735,
    "macro_f1": 0.08403263403263403,
    "weighted_f1": 0.3305606060606061,
    "overall": 0.332918648018648
  },
  "metrics_exact": {
    "accuracy": 0.065,
    "top1_accuracy": 0.325,
    "top3_accuracy": 0.39,
    "macro_f1": 0.05595238095238096,
    "weighted_f1": 0.22083333333333335,
    "overall": 0.21135714285714288
  },
  "total_seconds": 1594.9,
  "avg_seconds_per_case": 8.0
}
