{
  "global": {
    "F20": {
      "support": 5,
      "predicted_positive": 196,
      "true_positive": 5,
      "false_positive": 191,
      "false_negative": 0,
      "true_negative": 804,
      "precision": 0.025510204081632654,
      "recall": 1.0,
      "f1": 0.04975124378109453
    },
    "F31": {
      "support": 9,
      "predicted_positive": 0,
      "true_positive": 0,
      "false_positive": 0,
      "false_negative": 9,
      "true_negative": 991,
      "precision": 0.0,
      "recall": 0.0,
      "f1": 0.0
    },
    "F32": {
      "support": 370,
      "predicted_positive": 514,
      "true_positive": 253,
      "false_positive": 261,
      "false_negative": 117,
      "true_negative": 369,
      "precision": 0.49221789883268485,
      "recall": 0.6837837837837838,
      "f1": 0.572398190045249
    },
    "F39": {
      "support": 63,
      "predicted_positive": 3,
      "true_positive": 0,
      "false_positive": 3,
      "false_negative": 63,
      "true_negative": 934,
      "precision": 0.0,
      "recall": 0.0,
      "f1": 0.0
    },
    "F41": {
      "support": 394,
      "predicted_positive": 178,
      "true_positive": 109,
      "false_positive": 69,
      "false_negative": 285,
      "true_negative": 537,
      "precision": 0.6123595505617978,
      "recall": 0.2766497461928934,
      "f1": 0.38111888111888115
    },
    "F42": {
      "support": 36,
      "predicted_positive": 37,
      "true_positive": 10,
      "false_positive": 27,
      "false_negative": 26,
      "true_negative": 937,
      "precision": 0.2702702702702703,
      "recall": 0.2777777777777778,
      "f1": 0.273972602739726
    },
    "F43": {
      "support": 15,
      "predicted_positive": 7,
      "true_positive": 2,
      "false_positive": 5,
      "false_negative": 13,
      "true_negative": 980,
      "precision": 0.2857142857142857,
      "recall": 0.13333333333333333,
      "f1": 0.18181818181818182
    },
    "F45": {
      "support": 16,
      "predicted_positive": 4,
      "true_positive": 1,
      "false_positive": 3,
      "false_negative": 15,
      "true_negative": 981,
      "precision": 0.25,
      "recall": 0.0625,
      "f1": 0.1
    },
    "F51": {
      "support": 43,
      "predicted_positive": 60,
      "true_positive": 12,
      "false_positive": 48,
      "false_negative": 31,
      "true_negative": 909,
      "precision": 0.2,
      "recall": 0.27906976744186046,
      "f1": 0.23300970873786406
    },
    "F98": {
      "support": 47,
      "predicted_positive": 1,
      "true_positive": 0,
      "false_positive": 1,
      "false_negative": 47,
      "true_negative": 952,
      "precision": 0.0,
      "recall": 0.0,
      "f1": 0.0
    },
    "Others": {
      "support": 93,
      "predicted_positive": 0,
      "true_positive": 0,
      "false_positive": 0,
      "false_negative": 93,
      "true_negative": 907,
      "precision": 0.0,
      "recall": 0.0,
      "f1": 0.0
    }
  },
  "by_mode": {
    "hied": {
      "F20": {
        "support": 5,
        "predicted_positive": 196,
        "true_positive": 5,
        "false_positive": 191,
        "false_negative": 0,
        "true_negative": 804,
        "precision": 0.025510204081632654,
        "recall": 1.0,
        "f1": 0.04975124378109453
      },
      "F31": {
        "support": 9,
        "predicted_positive": 0,
        "true_positive": 0,
        "false_positive": 0,
        "false_negative": 9,
        "true_negative": 991,
        "precision": 0.0,
        "recall": 0.0,
        "f1": 0.0
      },
      "F32": {
        "support": 370,
        "predicted_positive": 514,
        "true_positive": 253,
        "false_positive": 261,
        "false_negative": 117,
        "true_negative": 369,
        "precision": 0.49221789883268485,
        "recall": 0.6837837837837838,
        "f1": 0.572398190045249
      },
      "F39": {
        "support": 63,
        "predicted_positive": 3,
        "true_positive": 0,
        "false_positive": 3,
        "false_negative": 63,
        "true_negative": 934,
        "precision": 0.0,
        "recall": 0.0,
        "f1": 0.0
      },
      "F41": {
        "support": 394,
        "predicted_positive": 178,
        "true_positive": 109,
        "false_positive": 69,
        "false_negative": 285,
        "true_negative": 537,
        "precision": 0.6123595505617978,
        "recall": 0.2766497461928934,
        "f1": 0.38111888111888115
      },
      "F42": {
        "support": 36,
        "predicted_positive": 37,
        "true_positive": 10,
        "false_positive": 27,
        "false_negative": 26,
        "true_negative": 937,
        "precision": 0.2702702702702703,
        "recall": 0.2777777777777778,
        "f1": 0.273972602739726
      },
      "F43": {
        "support": 15,
        "predicted_positive": 7,
        "true_positive": 2,
        "false_positive": 5,
        "false_negative": 13,
        "true_negative": 980,
        "precision": 0.2857142857142857,
        "recall": 0.13333333333333333,
        "f1": 0.18181818181818182
      },
      "F45": {
        "support": 16,
        "predicted_positive": 4,
        "true_positive": 1,
        "false_positive": 3,
        "false_negative": 15,
        "true_negative": 981,
        "precision": 0.25,
        "recall": 0.0625,
        "f1": 0.1
      },
      "F51": {
        "support": 43,
        "predicted_positive": 60,
        "true_positive": 12,
        "false_positive": 48,
        "false_negative": 31,
        "true_negative": 909,
        "precision": 0.2,
        "recall": 0.27906976744186046,
        "f1": 0.23300970873786406
      },
      "F98": {
        "support": 47,
        "predicted_positive": 1,
        "true_positive": 0,
        "false_positive": 1,
        "false_negative": 47,
        "true_negative": 952,
        "precision": 0.0,
        "recall": 0.0,
        "f1": 0.0
      },
      "Others": {
        "support": 93,
        "predicted_positive": 0,
        "true_positive": 0,
        "false_positive": 0,
        "false_negative": 93,
        "true_negative": 907,
        "precision": 0.0,
        "recall": 0.0,
        "f1": 0.0
      }
    }
  },
  "by_dataset": {
    "lingxidiag": {
      "F20": {
        "support": 5,
        "predicted_positive": 196,
        "true_positive": 5,
        "false_positive": 191,
        "false_negative": 0,
        "true_negative": 804,
        "precision": 0.025510204081632654,
        "recall": 1.0,
        "f1": 0.04975124378109453
      },
      "F31": {
        "support": 9,
        "predicted_positive": 0,
        "true_positive": 0,
        "false_positive": 0,
        "false_negative": 9,
        "true_negative": 991,
        "precision": 0.0,
        "recall": 0.0,
        "f1": 0.0
      },
      "F32": {
        "support": 370,
        "predicted_positive": 514,
        "true_positive": 253,
        "false_positive": 261,
        "false_negative": 117,
        "true_negative": 369,
        "precision": 0.49221789883268485,
        "recall": 0.6837837837837838,
        "f1": 0.572398190045249
      },
      "F39": {
        "support": 63,
        "predicted_positive": 3,
        "true_positive": 0,
        "false_positive": 3,
        "false_negative": 63,
        "true_negative": 934,
        "precision": 0.0,
        "recall": 0.0,
        "f1": 0.0
      },
      "F41": {
        "support": 394,
        "predicted_positive": 178,
        "true_positive": 109,
        "false_positive": 69,
        "false_negative": 285,
        "true_negative": 537,
        "precision": 0.6123595505617978,
        "recall": 0.2766497461928934,
        "f1": 0.38111888111888115
      },
      "F42": {
        "support": 36,
        "predicted_positive": 37,
        "true_positive": 10,
        "false_positive": 27,
        "false_negative": 26,
        "true_negative": 937,
        "precision": 0.2702702702702703,
        "recall": 0.2777777777777778,
        "f1": 0.273972602739726
      },