{
  "condition": "hied_bge-m3_evidence",
  "n_cases": 200,
  "metrics_parent_normalized": {
    "accuracy": 0.13,
    "top1_accuracy": 0.43,
    "top3_accuracy": 0.575,
    "macro_f1": 0.05400639437093959,
    "weighted_f1": 0.3957913997756306,
    "overall": 0.31695955882931404
  },
  "metrics_exact": {
    "accuracy": 0.0,
    "top1_accuracy": 0.27,
    "top3_accuracy": 0.275,
    "macro_f1": 0.03273224043715847,
    "weighted_f1": 0.25380464480874315,
    "overall": 0.16630737704918036
  },
  "total_seconds": 22215.1,
  "avg_seconds_per_case": 111.1
}
