{
  "a": 0.20028462521394746,
  "b": -0.3537486899648097,
  "optimal_threshold": 0.1,
  "fitted": true
}