{
  "a": 0.2981221468266795,
  "b": -0.10520831703481881,
  "optimal_threshold": 0.1,
  "fitted": true
}