{
  "sweep_name": "final_mdd5k",
  "timestamp": "2026-03-25T05:14:03.183883",
  "provider": "vllm",
  "model": "Qwen/Qwen3-32B-AWQ",
  "n_cases": 200,
  "seed": 42,
  "n_conditions": 9,
  "conditions": {
    "hied_no_evidence": {
      "condition": "hied_no_evidence",
      "n_cases": 200,
      "metrics_parent_normalized": {
        "accuracy": 0.12,
        "top1_accuracy": 0.51,
        "top3_accuracy": 0.7,
        "macro_f1": 0.06371988931826551,
        "weighted_f1": 0.4434066214718972,
        "overall": 0.3674253021580326
      },
      "metrics_exact": {
        "accuracy": 0.045,
        "top1_accuracy": 0.395,
        "top3_accuracy": 0.42,
        "macro_f1": 0.04075822050290135,
        "weighted_f1": 0.29379497098646035,
        "overall": 0.23891063829787235
      },
      "total_seconds": 10395.1,
      "avg_seconds_per_case": 52.0
    },
    "hied_bge-m3_evidence": {
      "condition": "hied_bge-m3_evidence",
      "n_cases": 200,
      "metrics_parent_normalized": {
        "accuracy": 0.13,
        "top1_accuracy": 0.43,
        "top3_accuracy": 0.575,
        "macro_f1": 0.05400639437093959,
        "weighted_f1": 0.3957913997756306,
        "overall": 0.31695955882931404
      },
      "metrics_exact": {
        "accuracy": 0.0,
        "top1_accuracy": 0.27,
        "top3_accuracy": 0.275,
        "macro_f1": 0.03273224043715847,
        "weighted_f1": 0.25380464480874315,
        "overall": 0.16630737704918036
      },
      "total_seconds": 22215.1,
      "avg_seconds_per_case": 111.1
    },
    "hied_bge-m3_no_somatization": {
      "condition": "hied_bge-m3_no_somatization",
      "n_cases": 200,
      "metrics_parent_normalized": {
        "accuracy": 0.14,
        "top1_accuracy": 0.415,
        "top3_accuracy": 0.58,
        "macro_f1": 0.052701691173672,
        "weighted_f1": 0.381990443536621,
        "overall": 0.31393842694205853
      },
      "metrics_exact": {
        "accuracy": 0.0,
        "top1_accuracy": 0.255,
        "top3_accuracy": 0.27,
        "macro_f1": 0.03130434782608696,
        "weighted_f1": 0.2380978260869565,
        "overall": 0.1588804347826087
      },
      "total_seconds": 6853.8,
      "avg_seconds_per_case": 34.3
    },
    "psycot_no_evidence": {
      "condition": "psycot_no_evidence",
      "n_cases": 200,
      "metrics_parent_normalized": {
        "accuracy": 0.115,
        "top1_accuracy": 0.49,
        "top3_accuracy": 0.655,
        "macro_f1": 0.07457781200876257,
        "weighted_f1": 0.44648802090895884,
        "overall": 0.3562131665835443
      },
      "metrics_exact": {
        "accuracy": 0.045,
        "top1_accuracy": 0.31,
        "top3_accuracy": 0.375,
        "macro_f1": 0.048329896907216494,
        "weighted_f1": 0.2766288659793814,
        "overall": 0.21099175257731959
      },
      "total_seconds": 0.7,
      "avg_seconds_per_case": 0.0
    },
    "psycot_bge-m3_evidence": {
      "condition": "psycot_bge-m3_evidence",
      "n_cases": 200,
      "metrics_parent_normalized": {
        "accuracy": 0.13,
        "top1_accuracy": 0.415,
        "top3_accuracy": 0.56,
        "macro_f1": 0.05762843065322505,
        "weighted_f1": 0.3804777930769477,
        "overall": 0.30862124474603453
      },
      "metrics_exact": {
        "accuracy": 0.0,
        "top1_accuracy": 0.22,
        "top3_accuracy": 0.26,
        "macro_f1": 0.03466521502449646,
        "weighted_f1": 0.22677191072400654,
        "overall": 0.1482874251497006
      },
      "total_seconds": 4798.5,
      "avg_seconds_per_case": 24.0
    },
    "psycot_bge-m3_no_somatization": {
      "condition": "psycot_bge-m3_no_somatization",
      "n_cases": 200,
      "metrics_parent_normalized": {
        "accuracy": 0.14,
        "top1_accuracy": 0.44,
        "top3_accuracy": 0.565,
        "macro_f1": 0.06547465912014407,
        "weighted_f1": 0.39915680473372783,
        "overall": 0.3219262927707744
      },
      "metrics_exact": {
        "accuracy": 0.0,
        "top1_accuracy": 0.235,
        "top3_accuracy": 0.255,
        "macro_f1": 0.04082840236686391,
        "weighted_f1": 0.23661242603550295,
        "overall": 0.15348816568047335
      },
      "total_seconds": 4838.6,
      "avg_seconds_per_case": 24.2
    },
    "single_no_evidence": {
      "condition": "single_no_evidence",
      "n_cases": 200,
      "metrics_parent_normalized": {
        "accuracy": 0.0,
        "top1_accuracy": 0.515,
        "top3_accuracy": 0.74,
        "macro_f1": 0.13032950836930202,
        "weighted_f1": 0.44774414850686034,
        "overall": 0.3666147313752324
      },
      "metrics_exact": {
        "accuracy": 0.0,
        "top1_accuracy": 0.0,
        "top3_accuracy": 0.0,
        "macro_f1": 0.0,
        "weighted_f1": 0.0,
        "overall": 0.0
      },
      "total_seconds": 1423.9,
      "avg_seconds_per_case": 7.1
    },
    "single_bge-m3_evidence": {
      "condition": "single_bge-m3_evidence",
      "n_cases": 200,
      "metrics_parent_normalized": {
        "accuracy": 0.04,
        "top1_accuracy": 0.455,
        "top3_accuracy": 0.605,
        "macro_f1": 0.06265698767770018,
        "weighted_f1": 0.29252899751449873,
        "overall": 0.2910371970384398
      },
      "metrics_exact": {
        "accuracy": 0.02,
        "top1_accuracy": 0.05,
        "top3_accuracy": 0.05,
        "macro_f1": 0.005159958720330237,
        "weighted_f1": 0.07719298245614034,
        "overall": 0.04047058823529412
      },
      "total_seconds": 6002.3,
      "avg_seconds_per_case": 30.0
    },
    "single_bge-m3_no_somatization": {
      "condition": "single_bge-m3_no_somatization",
      "n_cases": 200,
      "metrics_parent_normalized": {
        "accuracy": 0.035,
        "top1_accuracy": 0.455,
        "top3_accuracy": 0.605,
        "macro_f1": 0.06265698767770018,
        "weighted_f1": 0.29252899751449873,
        "overall": 0.2900371970384398
      },
      "metrics_exact": {
        "accuracy": 0.015,
        "top1_accuracy": 0.045,
        "top3_accuracy": 0.045,
        "macro_f1": 0.004870129870129871,
        "weighted_f1": 0.07071428571428572,
        "overall": 0.03611688311688312
      },
      "total_seconds": 5408.4,
      "avg_seconds_per_case": 27.0
    }
  }
}
