{
  "condition": "hied_no_evidence",
  "n_cases": 50,
  "metrics_parent_normalized": {
    "accuracy": 0.2,
    "top1_accuracy": 0.5,
    "top3_accuracy": 0.66,
    "macro_f1": 0.16277568585260893,
    "weighted_f1": 0.4649230769230769,
    "overall": 0.3975397525551371
  },
  "metrics_exact": {
    "accuracy": 0.16,
    "top1_accuracy": 0.38,
    "top3_accuracy": 0.42,
    "macro_f1": 0.1103030303030303,
    "weighted_f1": 0.308,
    "overall": 0.27566060606060605
  },
  "total_seconds": 2558.4,
  "avg_seconds_per_case": 51.2
}
