{
  "sweep_name": "n200_nodiff_ablation",
  "timestamp": "2026-03-20T18:10:02.399780",
  "provider": "vllm",
  "model": "Qwen/Qwen3-32B-AWQ",
  "n_cases": 200,
  "seed": 42,
  "n_conditions": 1,
  "conditions": {
    "hied_no_evidence": {
      "condition": "hied_no_evidence",
      "n_cases": 200,
      "metrics_parent_normalized": {
        "accuracy": 0.185,
        "top1_accuracy": 0.465,
        "top3_accuracy": 0.635,
        "macro_f1": 0.06667493053188302,
        "weighted_f1": 0.44540247089569973,
        "overall": 0.3594154802855166
      },
      "metrics_exact": {
        "accuracy": 0.14,
        "top1_accuracy": 0.27,
        "top3_accuracy": 0.355,
        "macro_f1": 0.03873224043715847,
        "weighted_f1": 0.2560546448087432,
        "overall": 0.21195737704918036
      },
      "total_seconds": 5904.1,
      "avg_seconds_per_case": 29.5
    }
  }
}
