{
  "condition": "psycot_no_evidence",
  "n_cases": 200,
  "metrics_parent_normalized": {
    "accuracy": 0.185,
    "top1_accuracy": 0.38,
    "top3_accuracy": 0.595,
    "macro_f1": 0.08423063327623243,
    "weighted_f1": 0.34203958996111694,
    "overall": 0.31725404464746987
  },
  "metrics_exact": {
    "accuracy": 0.11,
    "top1_accuracy": 0.265,
    "top3_accuracy": 0.325,
    "macro_f1": 0.04806763285024154,
    "weighted_f1": 0.20927536231884059,
    "overall": 0.1914685990338164
  },
  "total_seconds": 0.4,
  "avg_seconds_per_case": 0.0
}
