{
  "sweep_name": "specialist_debate_final_lingxidiag",
  "timestamp": "2026-03-25T20:18:11.918219",
  "provider": "vllm",
  "model": "Qwen/Qwen3-32B-AWQ",
  "n_cases": 200,
  "seed": 42,
  "n_conditions": 2,
  "conditions": {
    "specialist_no_evidence": {
      "condition": "specialist_no_evidence",
      "n_cases": 200,
      "metrics_parent_normalized": {
        "accuracy": 0.045,
        "top1_accuracy": 0.39,
        "top3_accuracy": 0.67,
        "macro_f1": 0.09122366261347267,
        "weighted_f1": 0.32959777911767657,
        "overall": 0.30516428834622983
      },
      "metrics_exact": {
        "accuracy": 0.0,
        "top1_accuracy": 0.005,
        "top3_accuracy": 0.01,
        "macro_f1": 0.011428571428571429,
        "weighted_f1": 0.007142857142857142,
        "overall": 0.006714285714285714
      },
      "total_seconds": 2629.5,
      "avg_seconds_per_case": 13.1
    },
    "debate_no_evidence": {
      "condition": "debate_no_evidence",
      "n_cases": 200,
      "metrics_parent_normalized": {
        "accuracy": 0.15,
        "top1_accuracy": 0.43,
        "top3_accuracy": 0.52,
        "macro_f1": 0.0988863287250384,
        "weighted_f1": 0.33521505376344085,
        "overall": 0.30682027649769583
      },
      "metrics_exact": {
        "accuracy": 0.005,
        "top1_accuracy": 0.01,
        "top3_accuracy": 0.01,
        "macro_f1": 0.023809523809523808,
        "weighted_f1": 0.0125,
        "overall": 0.012261904761904762
      },
      "total_seconds": 2899.6,
      "avg_seconds_per_case": 14.5
    }
  }
}
