{
  "condition": "hied_no_evidence",
  "n_cases": 50,
  "metrics_parent_normalized": {
    "accuracy": 0.2,
    "top1_accuracy": 0.52,
    "top3_accuracy": 0.66,
    "macro_f1": 0.16493850976609598,
    "weighted_f1": 0.4779937304075235,
    "overall": 0.40458644803472393
  },
  "metrics_exact": {
    "accuracy": 0.16,
    "top1_accuracy": 0.42,
    "top3_accuracy": 0.42,
    "macro_f1": 0.11264367816091954,
    "weighted_f1": 0.323448275862069,
    "overall": 0.28721839080459766
  },
  "total_seconds": 228.5,
  "avg_seconds_per_case": 4.6
}
