{
  "12c_Acc": 0.517,
  "12c_Top1": 0.517,
  "12c_Top3": 0.517,
  "12c_F1_macro": 0.18874930841507156,
  "12c_F1_weighted": 0.45904892034406786,
  "4c_Acc": 0.395,
  "4c_F1_macro": 0.29437409444531915,
  "2c_Acc": 0.6923076923076923,
  "2c_F1_macro": 0.45447783498392685,
  "2c_n": 715,
  "Overall": 0.4711761667871273,
  "per_class": {}
}