{
  "4class_Acc": 0.43,
  "4class_F1_macro": 0.3120298195769894,
  "4class_F1_weighted": 0.3179238726597217,
  "12class_Acc": 0.003,
  "12class_Top1": 0.444,
  "12class_Top3": 0.719,
  "12class_F1_macro": 0.1311381237637376,
  "12class_F1_weighted": 0.4085252306954949,
  "Overall": 0.34570213083699297
}