{
  "condition": "psycot_bge-m3_evidence",
  "n_cases": 200,
  "metrics_parent_normalized": {
    "accuracy": 0.13,
    "top1_accuracy": 0.415,
    "top3_accuracy": 0.56,
    "macro_f1": 0.05762843065322505,
    "weighted_f1": 0.3804777930769477,
    "overall": 0.30862124474603453
  },
  "metrics_exact": {
    "accuracy": 0.0,
    "top1_accuracy": 0.22,
    "top3_accuracy": 0.26,
    "macro_f1": 0.03466521502449646,
    "weighted_f1": 0.22677191072400654,
    "overall": 0.1482874251497006
  },
  "total_seconds": 4798.5,
  "avg_seconds_per_case": 24.0
}
