{
  "condition": "single_bge-m3_evidence",
  "n_cases": 200,
  "metrics_parent_normalized": {
    "accuracy": 0.04,
    "top1_accuracy": 0.455,
    "top3_accuracy": 0.605,
    "macro_f1": 0.06265698767770018,
    "weighted_f1": 0.29252899751449873,
    "overall": 0.2910371970384398
  },
  "metrics_exact": {
    "accuracy": 0.02,
    "top1_accuracy": 0.05,
    "top3_accuracy": 0.05,
    "macro_f1": 0.005159958720330237,
    "weighted_f1": 0.07719298245614034,
    "overall": 0.04047058823529412
  },
  "total_seconds": 6002.3,
  "avg_seconds_per_case": 30.0
}
