{
  "accuracy": 0.8308668076109936,
  "macro_f1": 0.7898338220918866,
  "weighted_f1": 0.8289035068684526,
  "n": 473
}