{
  "global": {
    "F20": {
      "support": 5,
      "predicted_positive": 25,
      "true_positive": 4,
      "false_positive": 21,
      "false_negative": 1,
      "true_negative": 974,
      "precision": 0.16,
      "recall": 0.8,
      "f1": 0.26666666666666666
    },
    "F31": {
      "support": 9,
      "predicted_positive": 3,
      "true_positive": 0,
      "false_positive": 3,
      "false_negative": 9,
      "true_negative": 988,
      "precision": 0.0,
      "recall": 0.0,
      "f1": 0.0
    },
    "F32": {
      "support": 370,
      "predicted_positive": 805,
      "true_positive": 350,
      "false_positive": 455,
      "false_negative": 20,
      "true_negative": 175,
      "precision": 0.43478260869565216,
      "recall": 0.9459459459459459,
      "f1": 0.5957446808510638
    },
    "F39": {
      "support": 63,
      "predicted_positive": 97,
      "true_positive": 6,
      "false_positive": 91,
      "false_negative": 57,
      "true_negative": 846,
      "precision": 0.061855670103092786,
      "recall": 0.09523809523809523,
      "f1": 0.075
    },
    "F41": {
      "support": 394,
      "predicted_positive": 675,
      "true_positive": 301,
      "false_positive": 374,
      "false_negative": 93,
      "true_negative": 232,
      "precision": 0.44592592592592595,
      "recall": 0.7639593908629442,
      "f1": 0.5631431244153415
    },
    "F42": {
      "support": 36,
      "predicted_positive": 155,
      "true_positive": 17,
      "false_positive": 138,
      "false_negative": 19,
      "true_negative": 826,
      "precision": 0.10967741935483871,
      "recall": 0.4722222222222222,
      "f1": 0.17801047120418848
    },
    "F43": {
      "support": 15,
      "predicted_positive": 693,
      "true_positive": 11,
      "false_positive": 682,
      "false_negative": 4,
      "true_negative": 303,
      "precision": 0.015873015873015872,
      "recall": 0.7333333333333333,
      "f1": 0.03107344632768361
    },
    "F45": {
      "support": 16,
      "predicted_positive": 0,
      "true_positive": 0,
      "false_positive": 0,
      "false_negative": 16,
      "true_negative": 984,
      "precision": 0.0,
      "recall": 0.0,
      "f1": 0.0
    },
    "F51": {
      "support": 43,
      "predicted_positive": 952,
      "true_positive": 43,
      "false_positive": 909,
      "false_negative": 0,
      "true_negative": 48,
      "precision": 0.045168067226890755,
      "recall": 1.0,
      "f1": 0.0864321608040201
    },
    "F98": {
      "support": 47,
      "predicted_positive": 41,
      "true_positive": 3,
      "false_positive": 38,
      "false_negative": 44,
      "true_negative": 915,
      "precision": 0.07317073170731707,
      "recall": 0.06382978723404255,
      "f1": 0.06818181818181818
    },
    "Others": {
      "support": 93,
      "predicted_positive": 0,
      "true_positive": 0,
      "false_positive": 0,
      "false_negative": 93,
      "true_negative": 907,
      "precision": 0.0,
      "recall": 0.0,
      "f1": 0.0
    }
  },
  "by_mode": {
    "hied": {
      "F20": {
        "support": 5,
        "predicted_positive": 25,
        "true_positive": 4,
        "false_positive": 21,
        "false_negative": 1,
        "true_negative": 974,
        "precision": 0.16,
        "recall": 0.8,
        "f1": 0.26666666666666666
      },
      "F31": {
        "support": 9,
        "predicted_positive": 3,
        "true_positive": 0,
        "false_positive": 3,
        "false_negative": 9,
        "true_negative": 988,
        "precision": 0.0,
        "recall": 0.0,
        "f1": 0.0
      },
      "F32": {
        "support": 370,
        "predicted_positive": 805,
        "true_positive": 350,
        "false_positive": 455,
        "false_negative": 20,
        "true_negative": 175,
        "precision": 0.43478260869565216,
        "recall": 0.9459459459459459,
        "f1": 0.5957446808510638
      },
      "F39": {
        "support": 63,
        "predicted_positive": 97,
        "true_positive": 6,
        "false_positive": 91,
        "false_negative": 57,
        "true_negative": 846,
        "precision": 0.061855670103092786,
        "recall": 0.09523809523809523,
        "f1": 0.075
      },
      "F41": {
        "support": 394,
        "predicted_positive": 675,
        "true_positive": 301,
        "false_positive": 374,
        "false_negative": 93,
        "true_negative": 232,
        "precision": 0.44592592592592595,
        "recall": 0.7639593908629442,
        "f1": 0.5631431244153415
      },
      "F42": {
        "support": 36,
        "predicted_positive": 155,
        "true_positive": 17,
        "false_positive": 138,
        "false_negative": 19,
        "true_negative": 826,
        "precision": 0.10967741935483871,
        "recall": 0.4722222222222222,
        "f1": 0.17801047120418848
      },
      "F43": {
        "support": 15,
        "predicted_positive": 693,
        "true_positive": 11,
        "false_positive": 682,
        "false_negative": 4,
        "true_negative": 303,
        "precision": 0.015873015873015872,
        "recall": 0.7333333333333333,
        "f1": 0.03107344632768361
      },
      "F45": {
        "support": 16,
        "predicted_positive": 0,
        "true_positive": 0,
        "false_positive": 0,
        "false_negative": 16,
        "true_negative": 984,
        "precision": 0.0,
        "recall": 0.0,
        "f1": 0.0
      },
      "F51": {
        "support": 43,
        "predicted_positive": 952,
        "true_positive": 43,
        "false_positive": 909,
        "false_negative": 0,
        "true_negative": 48,
        "precision": 0.045168067226890755,
        "recall": 1.0,
        "f1": 0.0864321608040201
      },
      "F98": {
        "support": 47,
        "predicted_positive": 41,
        "true_positive": 3,
        "false_positive": 38,
        "false_negative": 44,
        "true_negative": 915,
        "precision": 0.07317073170731707,
        "recall": 0.06382978723404255,
        "f1": 0.06818181818181818
      },
      "Others": {
        "support": 93,
        "predicted_positive": 0,
        "true_positive": 0,
        "false_positive": 0,
        "false_negative": 93,
        "true_negative": 907,
        "precision": 0.0,
        "recall": 0.0,
        "f1": 0.0
      }
    }
  },
  "by_dataset": {
    "lingxidiag": {
      "F20": {
        "support": 5,
        "predicted_positive": 25,
        "true_positive": 4,
        "false_positive": 21,
        "false_negative": 1,
        "true_negative": 974,
        "precision": 0.16,
        "recall": 0.8,
        "f1": 0.26666666666666666
      },
      "F31": {
        "support": 9,
        "predicted_positive": 3,
        "true_positive": 0,
        "false_positive": 3,
        "false_negative": 9,
        "true_negative": 988,
        "precision": 0.0,
        "recall": 0.0,
        "f1": 0.0
      },
      "F32": {
        "support": 370,
        "predicted_positive": 805,
        "true_positive": 350,
        "false_positive": 455,
        "false_negative": 20,
        "true_negative": 175,
        "precision": 0.43478260869565216,
        "recall": 0.9459459459459459,
        "f1": 0.5957446808510638
      },
      "F39": {
        "support": 63,
        "predicted_positive": 97,
        "true_positive": 6,
        "false_positive": 91,
        "false_negative": 57,
        "true_negative": 846,
        "precision": 0.061855670103092786,
        "recall": 0.09523809523809523,
        "f1": 0.075
      },
      "F41": {
        "support": 394,
        "predicted_positive": 675,
        "true_positive": 301,
        "false_positive": 374,
        "false_negative": 93,
        "true_negative": 232,
        "precision": 0.44592592592592595,
        "recall": 0.7639593908629442,
        "f1": 0.5631431244153415
      },
      "F42": {
        "support": 36,
        "predicted_positive": 155,
        "true_positive": 17,
        "false_positive": 138,