{
  "sweep_name": "temporal_ablation_lingxidiag",
  "timestamp": "2026-03-25T18:46:00.206635",
  "provider": "vllm",
  "model": "Qwen/Qwen3-32B-AWQ",
  "n_cases": 200,
  "seed": 42,
  "n_conditions": 3,
  "conditions": {
    "hied_no_evidence": {
      "condition": "hied_no_evidence",
      "n_cases": 200,
      "metrics_parent_normalized": {
        "accuracy": 0.255,
        "top1_accuracy": 0.4,
        "top3_accuracy": 0.53,
        "macro_f1": 0.0922792653501066,
        "weighted_f1": 0.35304431091433,
        "overall": 0.3260647152528873
      },
      "metrics_exact": {
        "accuracy": 0.205,
        "top1_accuracy": 0.285,
        "top3_accuracy": 0.34,
        "macro_f1": 0.05259881730469966,
        "weighted_f1": 0.22135076252723312,
        "overall": 0.22078991596638656
      },
      "total_seconds": 2812.3,
      "avg_seconds_per_case": 14.1
    },
    "hied_bge-m3_evidence": {
      "condition": "hied_bge-m3_evidence",
      "n_cases": 200,
      "metrics_parent_normalized": {
        "accuracy": 0.16,
        "top1_accuracy": 0.45,
        "top3_accuracy": 0.69,
        "macro_f1": 0.10427681389016134,
        "weighted_f1": 0.3999244636585738,
        "overall": 0.360840255509747
      },
      "metrics_exact": {
        "accuracy": 0.13,
        "top1_accuracy": 0.31,
        "top3_accuracy": 0.39,
        "macro_f1": 0.059749653499653506,
        "weighted_f1": 0.23144988738738742,
        "overall": 0.2242399081774082
      },
      "total_seconds": 10103.5,
      "avg_seconds_per_case": 50.5
    },
    "hied_bge-m3_no_somatization": {
      "condition": "hied_bge-m3_no_somatization",
      "n_cases": 200,
      "metrics_parent_normalized": {
        "accuracy": 0.14,
        "top1_accuracy": 0.415,
        "top3_accuracy": 0.69,
        "macro_f1": 0.08782485214269321,
        "weighted_f1": 0.3458764102797086,
        "overall": 0.33574025248448036
      },
      "metrics_exact": {
        "accuracy": 0.12,
        "top1_accuracy": 0.32,
        "top3_accuracy": 0.39,
        "macro_f1": 0.05687632374289046,
        "weighted_f1": 0.22324004664334499,
        "overall": 0.22202327407724712
      },
      "total_seconds": 3725.2,
      "avg_seconds_per_case": 18.6
    }
  }
}
