{
  "LingxiDiag-16K_ICD-10": {
    "dataset": "LingxiDiag-16K",
    "mode": "ICD-10",
    "path": "results/dual_standard_full/lingxidiag16k/mode_icd10/pilot_icd10/predictions.jsonl",
    "N": 1000,
    "policies": {
      "current": {
        "N": 1000,
        "Top-1": 0.507,
        "Top-3": 0.8,
        "EM": 0.046,
        "MRR": 0.6569166666666673,
        "mF1": 0.1987295149587962,
        "wF1": 0.4572187836891283,
        "F32_to_F41": 36,
        "F41_to_F32": 188,
        "F42_in_gold": 36,
        "F42_recovered": 15,
        "F42_recall": 0.4166666666666667,
        "multilabel_emit_rate": 0.925,
        "gold_size_dist": {
          "1": 914,
          "2": 81,
          "3": 5
        },
        "pred_size_dist": {
          "1": 75,
          "2": 925
        }
      },
      "R3-alpha": {
        "N": 1000,
        "Top-1": 0.524,
        "Top-3": 0.799,
        "EM": 0.469,
        "MRR": 0.6569166666666673,
        "mF1": 0.1813785988634673,
        "wF1": 0.43315882645834686,
        "F32_to_F41": 29,
        "F41_to_F32": 204,
        "F42_in_gold": 36,
        "F42_recovered": 13,
        "F42_recall": 0.3611111111111111,
        "multilabel_emit_rate": 0.0,
        "gold_size_dist": {
          "1": 914,
          "2": 81,
          "3": 5
        },
        "pred_size_dist": {
          "1": 1000
        }
      },
      "R3-beta": {
        "N": 1000,
        "Top-1": 0.524,
        "Top-3": 0.799,
        "EM": 0.288,
        "MRR": 0.6569166666666673,
        "mF1": 0.186322271321642,
        "wF1": 0.43798530740690966,
        "F32_to_F41": 29,
        "F41_to_F32": 204,
        "F42_in_gold": 36,
        "F42_recovered": 13,
        "F42_recall": 0.3611111111111111,
        "multilabel_emit_rate": 0.417,
        "gold_size_dist": {
          "1": 914,
          "2": 81,
          "3": 5
        },
        "pred_size_dist": {
          "1": 583,
          "2": 417
        }
      },
      "oracle": {
        "N": 1000,
        "Top-1": 0.524,
        "Top-3": 0.799,
        "EM": 0.509,
        "MRR": 0.6569166666666673,
        "mF1": 0.23957719933762067,
        "wF1": 0.4937402384523859,
        "F32_to_F41": 29,
        "F41_to_F32": 204,
        "F42_in_gold": 36,
        "F42_recovered": 13,
        "F42_recall": 0.3611111111111111,
        "multilabel_emit_rate": 0.086,
        "gold_size_dist": {
          "1": 914,
          "2": 81,
          "3": 5
        },
        "pred_size_dist": {
          "1": 914,
          "2": 86
        }
      }
    }
  },
  "LingxiDiag-16K_DSM-5": {
    "dataset": "LingxiDiag-16K",
    "mode": "DSM-5",
    "path": "results/dual_standard_full/lingxidiag16k/mode_dsm5/pilot_dsm5/predictions.jsonl",
    "N": 1000,
    "policies": {
      "current": {
        "N": 1000,
        "Top-1": 0.471,
        "Top-3": 0.804,
        "EM": 0.029,
        "MRR": 0.6637500000000006,
        "mF1": 0.1882046929435117,
        "wF1": 0.4210396722639921,
        "F32_to_F41": 26,
        "F41_to_F32": 218,
        "F42_in_gold": 36,
        "F42_recovered": 3,
        "F42_recall": 0.08333333333333333,
        "multilabel_emit_rate": 0.919,
        "gold_size_dist": {
          "1": 914,
          "2": 81,
          "3": 5
        },
        "pred_size_dist": {
          "1": 81,
          "2": 919
        }
      },
      "R3-alpha": {
        "N": 1000,
        "Top-1": 0.53,
        "Top-3": 0.805,
        "EM": 0.472,
        "MRR": 0.6637500000000006,
        "mF1": 0.19855815759430218,
        "wF1": 0.4425702173827581,
        "F32_to_F41": 38,
        "F41_to_F32": 195,
        "F42_in_gold": 36,
        "F42_recovered": 14,
        "F42_recall": 0.3888888888888889,
        "multilabel_emit_rate": 0.0,
        "gold_size_dist": {
          "1": 914,
          "2": 81,
          "3": 5
        },
        "pred_size_dist": {
          "1": 1000
        }
      },
      "R3-beta": {
        "N": 1000,
        "Top-1": 0.53,
        "Top-3": 0.805,
        "EM": 0.399,
        "MRR": 0.6637500000000006,
        "mF1": 0.21236517448277623,
        "wF1": 0.46092428561312243,
        "F32_to_F41": 38,
        "F41_to_F32": 195,
        "F42_in_gold": 36,
        "F42_recovered": 14,
        "F42_recall": 0.3888888888888889,
        "multilabel_emit_rate": 0.23,
        "gold_size_dist": {
          "1": 914,
          "2": 81,
          "3": 5
        },
        "pred_size_dist": {
          "1": 770,
          "2": 230
        }
      },
      "oracle": {
        "N": 1000,
        "Top-1": 0.53,
        "Top-3": 0.805,
        "EM": 0.514,
        "MRR": 0.6637500000000006,
        "mF1": 0.26653685413443695,
        "wF1": 0.5031618356796905,
        "F32_to_F41": 38,
        "F41_to_F32": 195,
        "F42_in_gold": 36,
        "F42_recovered": 14,
        "F42_recall": 0.3888888888888889,
        "multilabel_emit_rate": 0.083,
        "gold_size_dist": {
          "1": 914,
          "2": 81,
          "3": 5
        },
        "pred_size_dist": {
          "1": 917,
          "2": 83
        }
      }
    }
  },
  "LingxiDiag-16K_Both": {
    "dataset": "LingxiDiag-16K",
    "mode": "Both",
    "path": "results/dual_standard_full/lingxidiag16k/mode_both/pilot_both/predictions.jsonl",
    "N": 1000,
    "policies": {
      "current": {
        "N": 1000,
        "Top-1": 0.507,
        "Top-3": 0.8,
        "EM": 0.046,
        "MRR": 0.6569166666666673,
        "mF1": 0.1987295149587962,
        "wF1": 0.4572187836891283,
        "F32_to_F41": 36,
        "F41_to_F32": 188,
        "F42_in_gold": 36,
        "F42_recovered": 15,
        "F42_recall": 0.4166666666666667,
        "multilabel_emit_rate": 0.925,
        "gold_size_dist": {
          "1": 914,
          "2": 81,
          "3": 5
        },
        "pred_size_dist": {
          "1": 75,
          "2": 925
        }
      },
      "R3-alpha": {
        "N": 1000,
        "Top-1": 0.524,
        "Top-3": 0.799,
        "EM": 0.469,
        "MRR": 0.6569166666666673,
        "mF1": 0.1813785988634673,
        "wF1": 0.43315882645834686,
        "F32_to_F41": 29,
        "F41_to_F32": 204,
        "F42_in_gold": 36,
        "F42_recovered": 13,
        "F42_recall": 0.3611111111111111,
        "multilabel_emit_rate": 0.0,
        "gold_size_dist": {
          "1": 914,
          "2": 81,
          "3": 5
        },
        "pred_size_dist": {
          "1": 1000
        }
      },
      "R3-beta": {
        "N": 1000,
        "Top-1": 0.524,
        "Top-3": 0.799,
        "EM": 0.288,
        "MRR": 0.6569166666666673,
        "mF1": 0.186322271321642,
        "wF1": 0.43798530740690966,
        "F32_to_F41": 29,
        "F41_to_F32": 204,
        "F42_in_gold": 36,
        "F42_recovered": 13,
        "F42_recall": 0.3611111111111111,
        "multilabel_emit_rate": 0.417,
        "gold_size_dist": {
          "1": 914,
          "2": 81,
          "3": 5
        },
        "pred_size_dist": {
          "1": 583,
          "2": 417
        }
      },
      "oracle": {
        "N": 1000,
        "Top-1": 0.524,
        "Top-3": 0.799,
        "EM": 0.509,
        "MRR": 0.6569166666666673,
        "mF1": 0.23957719933762067,
        "wF1": 0.4937402384523859,
        "F32_to_F41": 29,
        "F41_to_F32": 204,
        "F42_in_gold": 36,
        "F42_recovered": 13,
        "F42_recall": 0.3611111111111111,
        "multilabel_emit_rate": 0.086,
        "gold_size_dist": {
          "1": 914,
          "2": 81,
          "3": 5
        },
        "pred_size_dist": {
          "1": 914,
          "2": 86
        }
      }
    }
  },
  "MDD-5k_ICD-10": {
    "dataset": "MDD-5k",
    "mode": "ICD-10",
    "path": "results/dual_standard_full/mdd5k/mode_icd10/pilot_icd10/predictions.jsonl",
    "N": 925,
    "policies": {
      "current": {
        "N": 925,
        "Top-1": 0.5967567567567568,
        "Top-3": 0.8529729729729729,
        "EM": 0.06378378378378378,
        "MRR": 0.7276036036036042,
        "mF1": 0.19739677707476846,