{
  "condition": "hied_no_evidence",
  "n_cases": 3,
  "metrics_parent_normalized": {
    "top1_accuracy": 0.3333333333333333,
    "top3_accuracy": 0.3333333333333333,
    "macro_f1": 0.25
  },
  "metrics_exact": {
    "top1_accuracy": 0.3333333333333333,
    "top3_accuracy": 0.3333333333333333,
    "macro_f1": 0.25
  },
  "total_seconds": 357.1,
  "avg_seconds_per_case": 119.0
}