{
  "model": "Qwen/Qwen3-32B-AWQ",
  "mode": "v2.5b_fixed_4c2c",
  "n_cases": 1000,
  "12c_Top1": 0.505,
  "12c_Top3": 0.505,
  "12c_F1_macro": 0.19431303057603708,
  "4c_Acc": 0.296,
  "2c_Acc": 0.6447552447552447,
  "Overall": 0.4403447125552136
}