{
  "accuracy": 0.421,
  "macro_f1": 0.384142474939063,
  "weighted_f1": 0.4017303571122837,
  "n": 1000
}