{
  "note": "Post-hoc modified from mdd5k_t1_seed42 with comorbid strategy: drop_all(None)",
  "source_run": "mdd5k_t1_seed42",
  "strategy": {
    "name": "drop_all",
    "param": null
  },
  "table4": {
    "12class_Acc": 0.5264864864864864,
    "12class_Top1": 0.5675675675675675,
    "12class_Top3": 0.7956756756756757,
    "12class_F1_macro": 0.2034136519073513,
    "12class_F1_weighted": 0.5066817048322642,
    "12class_n": 925,
    "2class_Acc": 0.6829268292682927,
    "2class_F1_macro": 0.6831934413429631,
    "2class_F1_weighted": 0.6921014212495986,
    "4class_Acc": 0.3210810810810811,
    "4class_F1_macro": 0.32170421338859573,
    "4class_F1_weighted": 0.4018855775796673,
    "2class_n": 697,
    "4class_n": 925,
    "Overall": 0.5184288773072313
  },
  "avg_predicted_labels": 1.0
}