{
  "diagnosis": {
    "accuracy": 0.36507936507936506,
    "top1_accuracy": 0.38095238095238093,
    "top3_accuracy": 0.3968253968253968,
    "macro_f1": 0.13793103448275862,
    "weighted_f1": 0.5517241379310345,
    "overall": 0.3665024630541872
  },
  "comorbidity": {
    "hamming_accuracy": 0.38095238095238093,
    "subset_accuracy": 0.36507936507936506,
    "comorbidity_detection_f1": 0.0,
    "label_coverage": 0.3968253968253968,
    "label_precision": 0.9047619047619048,
    "avg_predicted_labels": 0.5079365079365079,
    "avg_gold_labels": 1.0
  }
}
