{
  "hamming_accuracy": 0.38958333333333334,
  "subset_accuracy": 0.14,
  "comorbidity_detection_f1": 0.19875776397515527,
  "label_coverage": 0.6608333333333333,
  "label_precision": 0.40416666666666673,
  "avg_predicted_labels": 1.87,
  "avg_gold_labels": 1.105,
  "n_evaluated": 200,
  "n_skipped": 0
}