{
  "condition": "hied_bge-m3_evidence",
  "n_cases": 200,
  "metrics_parent_normalized": {
    "accuracy": 0.14,
    "top1_accuracy": 0.485,
    "top3_accuracy": 0.655,
    "macro_f1": 0.062253488640295236,
    "weighted_f1": 0.4442015915119363,
    "overall": 0.35729101603044633
  },
  "metrics_exact": {
    "accuracy": 0.02,
    "top1_accuracy": 0.295,
    "top3_accuracy": 0.325,
    "macro_f1": 0.036307692307692305,
    "weighted_f1": 0.2686153846153846,
    "overall": 0.18898461538461536
  },
  "total_seconds": 20253.5,
  "avg_seconds_per_case": 101.3
}
