{
  "condition": "contrastive_off_lingxidiag_20260321_105016/hied_no_evidence",
  "n_cases": 200,
  "comorbidity": {
    "hamming_accuracy": 0.3866666666666667,
    "subset_accuracy": 0.19,
    "comorbidity_detection_f1": 0.16923076923076924,
    "label_coverage": 0.5875,
    "label_precision": 0.4,
    "avg_predicted_labels": 1.645,
    "avg_gold_labels": 1.105
  },
  "four_class": {
    "accuracy": 0.275,
    "per_class": {
      "Depression": {
        "precision": 0.46938775510204084,
        "recall": 0.3484848484848485,
        "f1": 0.4,
        "support": 66.0
      },
      "Anxiety": {
        "precision": 0.47619047619047616,
        "recall": 0.273972602739726,
        "f1": 0.34782608695652173,
        "support": 73.0
      },
      "Mixed": {
        "precision": 0.043010752688172046,
        "recall": 0.5,
        "f1": 0.07920792079207921,
        "support": 8.0
      },
      "Other": {
        "precision": 0.5,
        "recall": 0.1509433962264151,
        "f1": 0.2318840579710145,
        "support": 53.0
      }
    },
    "confusion_matrix": [
      [
        23,
        3,
        35,
        5
      ],
      [
        16,
        20,
        35,
        2
      ],
      [
        2,
        1,
        4,
        1
      ],
      [
        8,
        18,
        19,
        8
      ]
    ],
    "labels": [
      "Depression",
      "Anxiety",
      "Mixed",
      "Other"
    ],
    "macro_f1": 0.26472951642990383
  }
}