{
  "condition": "contrastive_on_lingxidiag_20260321_115845/hied_no_evidence",
  "n_cases": 200,
  "comorbidity": {
    "hamming_accuracy": 0.3883333333333333,
    "subset_accuracy": 0.21,
    "comorbidity_detection_f1": 0.1694915254237288,
    "label_coverage": 0.565,
    "label_precision": 0.40416666666666673,
    "avg_predicted_labels": 1.565,
    "avg_gold_labels": 1.105
  },
  "four_class": {
    "accuracy": 0.305,
    "per_class": {
      "Depression": {
        "precision": 0.4827586206896552,
        "recall": 0.42424242424242425,
        "f1": 0.45161290322580644,
        "support": 66.0
      },
      "Anxiety": {
        "precision": 0.46808510638297873,
        "recall": 0.3013698630136986,
        "f1": 0.36666666666666664,
        "support": 73.0
      },
      "Mixed": {
        "precision": 0.03896103896103896,
        "recall": 0.375,
        "f1": 0.07058823529411765,
        "support": 8.0
      },
      "Other": {
        "precision": 0.4444444444444444,
        "recall": 0.1509433962264151,
        "f1": 0.22535211267605634,
        "support": 53.0
      }
    },
    "confusion_matrix": [
      [
        28,
        4,
        28,
        6
      ],
      [
        17,
        22,
        31,
        3
      ],
      [
        3,
        1,
        3,
        1
      ],
      [
        10,
        20,
        15,
        8
      ]
    ],
    "labels": [
      "Depression",
      "Anxiety",
      "Mixed",
      "Other"
    ],
    "macro_f1": 0.27855497946566177
  }
}