{
  "diagnosis": {
    "accuracy": 0.07936507936507936,
    "top1_accuracy": 0.14285714285714285,
    "top3_accuracy": 0.15873015873015872,
    "macro_f1": 0.0625,
    "weighted_f1": 0.25,
    "overall": 0.1386904761904762
  },
  "comorbidity": {
    "hamming_accuracy": 0.1164021164021164,
    "subset_accuracy": 0.07936507936507936,
    "comorbidity_detection_f1": 0.0,
    "label_coverage": 0.15873015873015872,
    "label_precision": 0.8148148148148148,
    "avg_predicted_labels": 0.4444444444444444,
    "avg_gold_labels": 1.0
  }
}
