{
  "condition": "lingxidiag_3mode_crossval_20260320_195057/single_no_evidence",
  "n_cases": 200,
  "comorbidity": {
    "hamming_accuracy": 0.2554166666666667,
    "subset_accuracy": 0.02,
    "comorbidity_detection_f1": 0.18181818181818182,
    "label_coverage": 0.51,
    "label_precision": 0.26166666666666666,
    "avg_predicted_labels": 2.185,
    "avg_gold_labels": 1.105
  },
  "four_class": {
    "accuracy": 0.155,
    "per_class": {
      "Depression": {
        "precision": 0.3770491803278688,
        "recall": 0.3484848484848485,
        "f1": 0.36220472440944884,
        "support": 66.0
      },
      "Anxiety": {
        "precision": 0.3333333333333333,
        "recall": 0.0273972602739726,
        "f1": 0.05063291139240506,
        "support": 73.0
      },
      "Mixed": {
        "precision": 0.03787878787878788,
        "recall": 0.625,
        "f1": 0.07142857142857142,
        "support": 8.0
      },
      "Other": {
        "precision": 1.0,
        "recall": 0.018867924528301886,
        "f1": 0.037037037037037035,
        "support": 53.0
      }
    },
    "confusion_matrix": [
      [
        23,
        1,
        42,
        0
      ],
      [
        21,
        2,
        50,
        0
      ],
      [
        3,
        0,
        5,
        0
      ],
      [
        14,
        3,
        35,
        1
      ]
    ],
    "labels": [
      "Depression",
      "Anxiety",
      "Mixed",
      "Other"
    ],
    "macro_f1": 0.13032581106686558
  }
}