{
  "condition": "hied_bge-m3_evidence",
  "n_cases": 200,
  "metrics_parent_normalized": {
    "accuracy": 0.15,
    "top1_accuracy": 0.395,
    "top3_accuracy": 0.72,
    "macro_f1": 0.09367569619435291,
    "weighted_f1": 0.35118021903469665,
    "overall": 0.34197118304581
  },
  "metrics_exact": {
    "accuracy": 0.1,
    "top1_accuracy": 0.27,
    "top3_accuracy": 0.385,
    "macro_f1": 0.05776723276723277,
    "weighted_f1": 0.21871753246753248,
    "overall": 0.20629695304695303
  },
  "total_seconds": 9435.7,
  "avg_seconds_per_case": 47.2
}
