{
  "diagnosis": {
    "accuracy": 0.01,
    "top1_accuracy": 0.16,
    "top3_accuracy": 0.23,
    "macro_f1": 0.043735866123925826,
    "weighted_f1": 0.17181592039800997,
    "overall": 0.12311035730438716
  },
  "comorbidity": {
    "hamming_accuracy": 0.11166666666666668,
    "subset_accuracy": 0.01,
    "comorbidity_detection_f1": 0.16279069767441862,
    "label_coverage": 0.205,
    "label_precision": 0.12,
    "avg_predicted_labels": 1.75,
    "avg_gold_labels": 1.11
  },
  "four_class": {
    "accuracy": 0.07,
    "macro_f1": 0.05,
    "weighted_f1": 0.0375,
    "n_cases": 100
  },
  "table4": {
    "2class_Acc": 0.125,
    "2class_F1_macro": 0.21428571428571427,
    "2class_F1_weighted": 0.13392857142857142,
    "4class_Acc": 0.23,
    "4class_F1_macro": 0.15924112607099145,
    "4class_F1_weighted": 0.12775520195838433,
    "12class_Acc": 0.01,
    "12class_Top1": 0.16,
    "12class_Top3": 0.23,
    "12class_F1_macro": 0.04772727272727273,
    "12class_F1_weighted": 0.18066768066768066,
    "2class_n": 48,
    "4class_n": 100,
    "12class_n": 100,
    "Overall": 0.14714596064896499
  }
}