{
  "condition": "v10_mdd5k_20260320_233729/hied_no_evidence",
  "n_cases": 200,
  "comorbidity": {
    "hamming_accuracy": 0.385,
    "subset_accuracy": 0.13,
    "comorbidity_detection_f1": 0.18604651162790697,
    "label_coverage": 0.6833333333333332,
    "label_precision": 0.3970833333333333,
    "avg_predicted_labels": 2.005,
    "avg_gold_labels": 1.105
  },
  "four_class": {
    "accuracy": 0.175,
    "per_class": {
      "Depression": {
        "precision": 0.44,
        "recall": 0.13580246913580246,
        "f1": 0.20754716981132076,
        "support": 81.0
      },
      "Anxiety": {
        "precision": 0.64,
        "recall": 0.23529411764705882,
        "f1": 0.34408602150537637,
        "support": 68.0
      },
      "Mixed": {
        "precision": 0.0425531914893617,
        "recall": 0.6666666666666666,
        "f1": 0.08,
        "support": 9.0
      },
      "Other": {
        "precision": 0.2222222222222222,
        "recall": 0.047619047619047616,
        "f1": 0.0784313725490196,
        "support": 42.0
      }
    },
    "confusion_matrix": [
      [
        11,
        3,
        62,
        5
      ],
      [
        10,
        16,
        41,
        1
      ],
      [
        1,
        1,
        6,
        1
      ],
      [
        3,
        5,
        32,
        2
      ]
    ],
    "labels": [
      "Depression",
      "Anxiety",
      "Mixed",
      "Other"
    ],
    "macro_f1": 0.1775161409664292
  }
}