{
  "condition": "psycot_bge-m3_no_somatization",
  "n_cases": 200,
  "metrics_parent_normalized": {
    "accuracy": 0.105,
    "top1_accuracy": 0.405,
    "top3_accuracy": 0.735,
    "macro_f1": 0.08263254945705376,
    "weighted_f1": 0.3240588931636579,
    "overall": 0.3303382885241423
  },
  "metrics_exact": {
    "accuracy": 0.07,
    "top1_accuracy": 0.325,
    "top3_accuracy": 0.39,
    "macro_f1": 0.055760368663594476,
    "weighted_f1": 0.21983870967741936,
    "overall": 0.2121198156682028
  },
  "total_seconds": 1579.4,
  "avg_seconds_per_case": 7.9
}
