{
  "diagnosis": {
    "accuracy": 0.1746031746031746,
    "top1_accuracy": 0.2222222222222222,
    "top3_accuracy": 0.2698412698412698,
    "macro_f1": 0.09090909090909091,
    "weighted_f1": 0.36363636363636365,
    "overall": 0.22424242424242422
  },
  "comorbidity": {
    "hamming_accuracy": 0.2222222222222222,
    "subset_accuracy": 0.1746031746031746,
    "comorbidity_detection_f1": 0.0,
    "label_coverage": 0.2698412698412698,
    "label_precision": 0.8253968253968254,
    "avg_predicted_labels": 0.5079365079365079,
    "avg_gold_labels": 1.0
  }
}
