{
  "condition": "n200_3mode_20260320_131920/single_no_evidence",
  "n_cases": 200,
  "comorbidity": {
    "hamming_accuracy": 0.27275,
    "subset_accuracy": 0.0,
    "comorbidity_detection_f1": 0.18181818181818182,
    "label_coverage": 0.7291666666666667,
    "label_precision": 0.2785,
    "avg_predicted_labels": 2.93,
    "avg_gold_labels": 1.105
  }
}