{
  "global": {
    "F20": {
      "support": 5,
      "predicted_positive": 80,
      "true_positive": 4,
      "false_positive": 76,
      "false_negative": 1,
      "true_negative": 919,
      "precision": 0.05,
      "recall": 0.8,
      "f1": 0.09411764705882354
    },
    "F31": {
      "support": 9,
      "predicted_positive": 2,
      "true_positive": 0,
      "false_positive": 2,
      "false_negative": 9,
      "true_negative": 989,
      "precision": 0.0,
      "recall": 0.0,
      "f1": 0.0
    },
    "F32": {
      "support": 370,
      "predicted_positive": 601,
      "true_positive": 308,
      "false_positive": 293,
      "false_negative": 62,
      "true_negative": 337,
      "precision": 0.5124792013311148,
      "recall": 0.8324324324324325,
      "f1": 0.6343975283213183
    },
    "F39": {
      "support": 63,
      "predicted_positive": 0,
      "true_positive": 0,
      "false_positive": 0,
      "false_negative": 63,
      "true_negative": 937,
      "precision": 0.0,
      "recall": 0.0,
      "f1": 0.0
    },
    "F41": {
      "support": 394,
      "predicted_positive": 168,
      "true_positive": 106,
      "false_positive": 62,
      "false_negative": 288,
      "true_negative": 544,
      "precision": 0.6309523809523809,
      "recall": 0.26903553299492383,
      "f1": 0.3772241992882561
    },
    "F42": {
      "support": 36,
      "predicted_positive": 61,
      "true_positive": 15,
      "false_positive": 46,
      "false_negative": 21,
      "true_negative": 918,
      "precision": 0.2459016393442623,
      "recall": 0.4166666666666667,
      "f1": 0.30927835051546393
    },
    "F43": {
      "support": 15,
      "predicted_positive": 11,
      "true_positive": 1,
      "false_positive": 10,
      "false_negative": 14,
      "true_negative": 975,
      "precision": 0.09090909090909091,
      "recall": 0.06666666666666667,
      "f1": 0.07692307692307691
    },
    "F45": {
      "support": 16,
      "predicted_positive": 4,
      "true_positive": 1,
      "false_positive": 3,
      "false_negative": 15,
      "true_negative": 981,
      "precision": 0.25,
      "recall": 0.0625,
      "f1": 0.1
    },
    "F51": {
      "support": 43,
      "predicted_positive": 71,
      "true_positive": 8,
      "false_positive": 63,
      "false_negative": 35,
      "true_negative": 894,
      "precision": 0.11267605633802817,
      "recall": 0.18604651162790697,
      "f1": 0.14035087719298245
    },
    "F98": {
      "support": 47,
      "predicted_positive": 2,
      "true_positive": 0,
      "false_positive": 2,
      "false_negative": 47,
      "true_negative": 951,
      "precision": 0.0,
      "recall": 0.0,
      "f1": 0.0
    },
    "Others": {
      "support": 93,
      "predicted_positive": 0,
      "true_positive": 0,
      "false_positive": 0,
      "false_negative": 93,
      "true_negative": 907,
      "precision": 0.0,
      "recall": 0.0,
      "f1": 0.0
    }
  },
  "by_mode": {
    "hied": {
      "F20": {
        "support": 5,
        "predicted_positive": 80,
        "true_positive": 4,
        "false_positive": 76,
        "false_negative": 1,
        "true_negative": 919,
        "precision": 0.05,
        "recall": 0.8,
        "f1": 0.09411764705882354
      },
      "F31": {
        "support": 9,
        "predicted_positive": 2,
        "true_positive": 0,
        "false_positive": 2,
        "false_negative": 9,
        "true_negative": 989,
        "precision": 0.0,
        "recall": 0.0,
        "f1": 0.0
      },
      "F32": {
        "support": 370,
        "predicted_positive": 601,
        "true_positive": 308,
        "false_positive": 293,
        "false_negative": 62,
        "true_negative": 337,
        "precision": 0.5124792013311148,
        "recall": 0.8324324324324325,
        "f1": 0.6343975283213183
      },
      "F39": {
        "support": 63,
        "predicted_positive": 0,
        "true_positive": 0,
        "false_positive": 0,
        "false_negative": 63,
        "true_negative": 937,
        "precision": 0.0,
        "recall": 0.0,
        "f1": 0.0
      },
      "F41": {
        "support": 394,
        "predicted_positive": 168,
        "true_positive": 106,
        "false_positive": 62,
        "false_negative": 288,
        "true_negative": 544,
        "precision": 0.6309523809523809,
        "recall": 0.26903553299492383,
        "f1": 0.3772241992882561
      },
      "F42": {
        "support": 36,
        "predicted_positive": 61,
        "true_positive": 15,
        "false_positive": 46,
        "false_negative": 21,
        "true_negative": 918,
        "precision": 0.2459016393442623,
        "recall": 0.4166666666666667,
        "f1": 0.30927835051546393
      },
      "F43": {
        "support": 15,
        "predicted_positive": 11,
        "true_positive": 1,
        "false_positive": 10,
        "false_negative": 14,
        "true_negative": 975,
        "precision": 0.09090909090909091,
        "recall": 0.06666666666666667,
        "f1": 0.07692307692307691
      },
      "F45": {
        "support": 16,
        "predicted_positive": 4,
        "true_positive": 1,
        "false_positive": 3,
        "false_negative": 15,
        "true_negative": 981,
        "precision": 0.25,
        "recall": 0.0625,
        "f1": 0.1
      },
      "F51": {
        "support": 43,
        "predicted_positive": 71,
        "true_positive": 8,
        "false_positive": 63,
        "false_negative": 35,
        "true_negative": 894,
        "precision": 0.11267605633802817,
        "recall": 0.18604651162790697,
        "f1": 0.14035087719298245
      },
      "F98": {
        "support": 47,
        "predicted_positive": 2,
        "true_positive": 0,
        "false_positive": 2,
        "false_negative": 47,
        "true_negative": 951,
        "precision": 0.0,
        "recall": 0.0,
        "f1": 0.0
      },
      "Others": {
        "support": 93,
        "predicted_positive": 0,
        "true_positive": 0,
        "false_positive": 0,
        "false_negative": 93,
        "true_negative": 907,
        "precision": 0.0,
        "recall": 0.0,
        "f1": 0.0
      }
    }
  },
  "by_dataset": {
    "lingxidiag": {
      "F20": {
        "support": 5,
        "predicted_positive": 80,
        "true_positive": 4,
        "false_positive": 76,
        "false_negative": 1,
        "true_negative": 919,
        "precision": 0.05,
        "recall": 0.8,
        "f1": 0.09411764705882354
      },
      "F31": {
        "support": 9,
        "predicted_positive": 2,
        "true_positive": 0,
        "false_positive": 2,
        "false_negative": 9,
        "true_negative": 989,
        "precision": 0.0,
        "recall": 0.0,
        "f1": 0.0
      },
      "F32": {
        "support": 370,
        "predicted_positive": 601,
        "true_positive": 308,
        "false_positive": 293,
        "false_negative": 62,
        "true_negative": 337,
        "precision": 0.5124792013311148,
        "recall": 0.8324324324324325,
        "f1": 0.6343975283213183
      },
      "F39": {
        "support": 63,
        "predicted_positive": 0,
        "true_positive": 0,
        "false_positive": 0,
        "false_negative": 63,
        "true_negative": 937,
        "precision": 0.0,
        "recall": 0.0,
        "f1": 0.0
      },
      "F41": {
        "support": 394,
        "predicted_positive": 168,
        "true_positive": 106,
        "false_positive": 62,
        "false_negative": 288,
        "true_negative": 544,
        "precision": 0.6309523809523809,
        "recall": 0.26903553299492383,
        "f1": 0.3772241992882561
      },
      "F42": {
        "support": 36,
        "predicted_positive": 61,
        "true_positive": 15,
        "false_positive": 46,
        "false_negative": 21,
        "true_negative": 918,
        "precision": 0.2459016393442623,
        "recall": 0.4166666666666667,
        "f1": 0.30927835051546393
      },