{
  "sweep_name": "vllm_validate",
  "timestamp": "2026-03-20T00:43:50.726920",
  "provider": "vllm",
  "model": "Qwen/Qwen3-32B-AWQ",
  "n_cases": 3,
  "seed": 42,
  "n_conditions": 1,
  "conditions": {
    "hied_no_evidence": {
      "condition": "hied_no_evidence",
      "n_cases": 3,
      "metrics_parent_normalized": {
        "accuracy": 0.0,
        "top1_accuracy": 0.3333333333333333,
        "top3_accuracy": 0.3333333333333333,
        "macro_f1": 0.25,
        "weighted_f1": 0.3333333333333333,
        "overall": 0.25
      },
      "metrics_exact": {
        "accuracy": 0.0,
        "top1_accuracy": 0.3333333333333333,
        "top3_accuracy": 0.3333333333333333,
        "macro_f1": 0.25,
        "weighted_f1": 0.3333333333333333,
        "overall": 0.25
      },
      "total_seconds": 357.1,
      "avg_seconds_per_case": 119.0
    }
  }
}
