{
  "condition": "single_bge-m3_no_somatization",
  "n_cases": 200,
  "metrics_parent_normalized": {
    "accuracy": 0.035,
    "top1_accuracy": 0.395,
    "top3_accuracy": 0.72,
    "macro_f1": 0.07619433315494872,
    "weighted_f1": 0.2932236509061456,
    "overall": 0.3038835968122188
  },
  "metrics_exact": {
    "accuracy": 0.0,
    "top1_accuracy": 0.355,
    "top3_accuracy": 0.355,
    "macro_f1": 0.04764122696120833,
    "weighted_f1": 0.236346396965866,
    "overall": 0.19879752478541485
  },
  "total_seconds": 2471.5,
  "avg_seconds_per_case": 12.4
}
