{
  "diagnosis": {
    "top1_accuracy": 0.12698412698412698,
    "top3_accuracy": 0.15873015873015872,
    "macro_f1": 0.04507042253521127
  },
  "comorbidity": {
    "hamming_accuracy": 0.10052910052910052,
    "subset_accuracy": 0.047619047619047616,
    "comorbidity_detection_f1": 0.0,
    "label_coverage": 0.15873015873015872,
    "label_precision": 0.10052910052910052,
    "avg_predicted_labels": 1.1904761904761905,
    "avg_gold_labels": 1.0
  }
}