{
  "condition": "single_bge-m3_evidence",
  "n_cases": 200,
  "metrics_parent_normalized": {
    "accuracy": 0.03,
    "top1_accuracy": 0.405,
    "top3_accuracy": 0.725,
    "macro_f1": 0.07780082987551869,
    "weighted_f1": 0.3012225844694724,
    "overall": 0.30780468286899826
  },
  "metrics_exact": {
    "accuracy": 0.0,
    "top1_accuracy": 0.36,
    "top3_accuracy": 0.36,
    "macro_f1": 0.04739120528594212,
    "weighted_f1": 0.23458874458874457,
    "overall": 0.20039598997493732
  },
  "total_seconds": 2867.5,
  "avg_seconds_per_case": 14.3
}
