{
  "condition": "lingxidiag_3mode_crossval_20260320_195057/hied_no_evidence",
  "n_cases": 200,
  "comorbidity": {
    "hamming_accuracy": 0.34,
    "subset_accuracy": 0.24,
    "comorbidity_detection_f1": 0.18421052631578946,
    "label_coverage": 0.4325,
    "label_precision": 0.3579166666666667,
    "avg_predicted_labels": 1.345,
    "avg_gold_labels": 1.105
  },
  "four_class": {
    "accuracy": 0.37,
    "per_class": {
      "Depression": {
        "precision": 0.39669421487603307,
        "recall": 0.7272727272727273,
        "f1": 0.5133689839572193,
        "support": 66.0
      },
      "Anxiety": {
        "precision": 0.5714285714285714,
        "recall": 0.1095890410958904,
        "f1": 0.1839080459770115,
        "support": 73.0
      },
      "Mixed": {
        "precision": 0.02857142857142857,
        "recall": 0.125,
        "f1": 0.046511627906976744,
        "support": 8.0
      },
      "Other": {
        "precision": 0.5666666666666667,
        "recall": 0.32075471698113206,
        "f1": 0.40963855421686746,
        "support": 53.0
      }
    },
    "confusion_matrix": [
      [
        48,
        1,
        12,
        5
      ],
      [
        43,
        8,
        15,
        7
      ],
      [
        6,
        0,
        1,
        1
      ],
      [
        24,
        5,
        7,
        17
      ]
    ],
    "labels": [
      "Depression",
      "Anxiety",
      "Mixed",
      "Other"
    ],
    "macro_f1": 0.2883568030145187
  }
}