{
  "condition": "hied_no_evidence",
  "n_cases": 200,
  "metrics_parent_normalized": {
    "accuracy": 0.24,
    "top1_accuracy": 0.36,
    "top3_accuracy": 0.455,
    "macro_f1": 0.08221289981654302,
    "weighted_f1": 0.3116770608997368,
    "overall": 0.28977799214325595
  },
  "metrics_exact": {
    "accuracy": 0.215,
    "top1_accuracy": 0.295,
    "top3_accuracy": 0.345,
    "macro_f1": 0.051122961747513074,
    "weighted_f1": 0.21553122756640344,
    "overall": 0.2243308378627833
  },
  "total_seconds": 4245.4,
  "avg_seconds_per_case": 21.2
}
