{
  "diagnosis": {
    "accuracy": 0.5286486486486487,
    "top1_accuracy": 0.5718918918918919,
    "top3_accuracy": 0.5718918918918919,
    "macro_f1": 0.1950020769507863,
    "weighted_f1": 0.5056021978742641,
    "overall": 0.47460734145149663
  },
  "comorbidity": {
    "hamming_accuracy": 0.554954954954955,
    "subset_accuracy": 0.5286486486486487,
    "comorbidity_detection_f1": 0.0,
    "label_coverage": 0.554954954954955,
    "label_precision": 0.5816216216216217,
    "avg_predicted_labels": 1.0,
    "avg_gold_labels": 1.0908108108108108
  }
}