{
  "sweep_name": "v10_lingxidiag",
  "timestamp": "2026-03-20T23:37:28.973727",
  "provider": "vllm",
  "model": "Qwen/Qwen3-32B-AWQ",
  "n_cases": 200,
  "seed": 42,
  "n_conditions": 2,
  "conditions": {
    "hied_no_evidence": {
      "condition": "hied_no_evidence",
      "n_cases": 200,
      "metrics_parent_normalized": {
        "accuracy": 0.185,
        "top1_accuracy": 0.41,
        "top3_accuracy": 0.595,
        "macro_f1": 0.09085263454494223,
        "weighted_f1": 0.3730211721611722,
        "overall": 0.3307747613412229
      },
      "metrics_exact": {
        "accuracy": 0.11,
        "top1_accuracy": 0.275,
        "top3_accuracy": 0.325,
        "macro_f1": 0.04993894993894994,
        "weighted_f1": 0.2196611721611722,
        "overall": 0.19592002442002443
      },
      "total_seconds": 4283.5,
      "avg_seconds_per_case": 21.4
    },
    "psycot_no_evidence": {
      "condition": "psycot_no_evidence",
      "n_cases": 200,
      "metrics_parent_normalized": {
        "accuracy": 0.185,
        "top1_accuracy": 0.38,
        "top3_accuracy": 0.595,
        "macro_f1": 0.08423063327623243,
        "weighted_f1": 0.34203958996111694,
        "overall": 0.31725404464746987
      },
      "metrics_exact": {
        "accuracy": 0.11,
        "top1_accuracy": 0.265,
        "top3_accuracy": 0.325,
        "macro_f1": 0.04806763285024154,
        "weighted_f1": 0.20927536231884059,
        "overall": 0.1914685990338164
      },
      "total_seconds": 0.4,
      "avg_seconds_per_case": 0.0
    }
  }
}
