{
  "hamming_accuracy": 0.40958333333333335,
  "subset_accuracy": 0.165,
  "comorbidity_detection_f1": 0.1927710843373494,
  "label_coverage": 0.6908333333333333,
  "label_precision": 0.42083333333333334,
  "avg_predicted_labels": 1.955,
  "avg_gold_labels": 1.105,
  "n_evaluated": 200,
  "n_skipped": 0
}