{
  "hamming_accuracy": 0.3895833333333333,
  "subset_accuracy": 0.14,
  "comorbidity_detection_f1": 0.1893491124260355,
  "label_coverage": 0.6783333333333332,
  "label_precision": 0.4016666666666666,
  "avg_predicted_labels": 1.975,
  "avg_gold_labels": 1.105,
  "n_evaluated": 200,
  "n_skipped": 0
}