{
  "sweep_name": "ablation",
  "timestamp": "2026-03-20T09:18:11.249098",
  "provider": "vllm",
  "model": "Qwen/Qwen3-32B-AWQ",
  "n_cases": 50,
  "seed": 42,
  "n_conditions": 3,
  "conditions": {
    "hied_no_evidence": {
      "condition": "hied_no_evidence",
      "n_cases": 50,
      "metrics_parent_normalized": {
        "accuracy": 0.2,
        "top1_accuracy": 0.5,
        "top3_accuracy": 0.66,
        "macro_f1": 0.16277568585260893,
        "weighted_f1": 0.4649230769230769,
        "overall": 0.3975397525551371
      },
      "metrics_exact": {
        "accuracy": 0.16,
        "top1_accuracy": 0.38,
        "top3_accuracy": 0.42,
        "macro_f1": 0.1103030303030303,
        "weighted_f1": 0.308,
        "overall": 0.27566060606060605
      },
      "total_seconds": 2558.4,
      "avg_seconds_per_case": 51.2
    },
    "hied_bge-m3_evidence": {
      "condition": "hied_bge-m3_evidence",
      "n_cases": 50,
      "metrics_parent_normalized": {
        "accuracy": 0.08,
        "top1_accuracy": 0.48,
        "top3_accuracy": 0.72,
        "macro_f1": 0.10773809523809524,
        "weighted_f1": 0.4238571428571429,
        "overall": 0.3623190476190476
      },
      "metrics_exact": {
        "accuracy": 0.06,
        "top1_accuracy": 0.38,
        "top3_accuracy": 0.4,
        "macro_f1": 0.06868131868131869,
        "weighted_f1": 0.28785714285714287,
        "overall": 0.2393076923076923
      },
      "total_seconds": 5355.6,
      "avg_seconds_per_case": 107.1
    },
    "hied_bge-m3_no_somatization": {
      "condition": "hied_bge-m3_no_somatization",
      "n_cases": 50,
      "metrics_parent_normalized": {
        "accuracy": 0.06,
        "top1_accuracy": 0.46,
        "top3_accuracy": 0.74,
        "macro_f1": 0.09821428571428571,
        "weighted_f1": 0.3885714285714286,
        "overall": 0.34935714285714287
      },
      "metrics_exact": {
        "accuracy": 0.04,
        "top1_accuracy": 0.4,
        "top3_accuracy": 0.42,
        "macro_f1": 0.0663265306122449,
        "weighted_f1": 0.3035714285714286,
        "overall": 0.24597959183673473
      },
      "total_seconds": 2195.5,
      "avg_seconds_per_case": 43.9
    }
  }
}
