{
  "diagnosis": {
    "top1_accuracy": 0.2857142857142857,
    "top3_accuracy": 0.30158730158730157,
    "macro_f1": 0.08888888888888888
  },
  "comorbidity": {
    "hamming_accuracy": 0.2619047619047619,
    "subset_accuracy": 0.23809523809523808,
    "comorbidity_detection_f1": 0.0,
    "label_coverage": 0.30158730158730157,
    "label_precision": 0.2619047619047619,
    "avg_predicted_labels": 1.1111111111111112,
    "avg_gold_labels": 1.0
  }
}