{
  "condition": "single_bge-m3_no_somatization",
  "n_cases": 200,
  "metrics_parent_normalized": {
    "accuracy": 0.035,
    "top1_accuracy": 0.455,
    "top3_accuracy": 0.605,
    "macro_f1": 0.06265698767770018,
    "weighted_f1": 0.29252899751449873,
    "overall": 0.2900371970384398
  },
  "metrics_exact": {
    "accuracy": 0.015,
    "top1_accuracy": 0.045,
    "top3_accuracy": 0.045,
    "macro_f1": 0.004870129870129871,
    "weighted_f1": 0.07071428571428572,
    "overall": 0.03611688311688312
  },
  "total_seconds": 5408.4,
  "avg_seconds_per_case": 27.0
}
