{
  "condition": "contrastive_off_mdd5k_20260321_131315/hied_no_evidence",
  "n_cases": 200,
  "comorbidity": {
    "hamming_accuracy": 0.3895833333333333,
    "subset_accuracy": 0.14,
    "comorbidity_detection_f1": 0.1893491124260355,
    "label_coverage": 0.6783333333333332,
    "label_precision": 0.4016666666666666,
    "avg_predicted_labels": 1.975,
    "avg_gold_labels": 1.105
  },
  "four_class": {
    "accuracy": 0.19,
    "per_class": {
      "Depression": {
        "precision": 0.4642857142857143,
        "recall": 0.16049382716049382,
        "f1": 0.23853211009174313,
        "support": 81.0
      },
      "Anxiety": {
        "precision": 0.6296296296296297,
        "recall": 0.25,
        "f1": 0.35789473684210527,
        "support": 68.0
      },
      "Mixed": {
        "precision": 0.04411764705882353,
        "recall": 0.6666666666666666,
        "f1": 0.08275862068965517,
        "support": 9.0
      },
      "Other": {
        "precision": 0.2222222222222222,
        "recall": 0.047619047619047616,
        "f1": 0.0784313725490196,
        "support": 42.0
      }
    },
    "confusion_matrix": [
      [
        13,
        4,
        59,
        5
      ],
      [
        10,
        17,
        40,
        1
      ],
      [
        1,
        1,
        6,
        1
      ],
      [
        4,
        5,
        31,
        2
      ]
    ],
    "labels": [
      "Depression",
      "Anxiety",
      "Mixed",
      "Other"
    ],
    "macro_f1": 0.1894042100431308
  }
}