{
  "a": -0.9268830560378921,
  "b": 0.23757150321061524,
  "optimal_threshold": 0.3599999999999999,
  "fitted": true
}