{
  "a": -0.16650015197897655,
  "b": 0.2404318835579511,
  "optimal_threshold": 0.1,
  "fitted": true
}