{
  "condition": "debate_no_evidence",
  "n_cases": 200,
  "metrics_parent_normalized": {
    "accuracy": 0.15,
    "top1_accuracy": 0.43,
    "top3_accuracy": 0.52,
    "macro_f1": 0.0988863287250384,
    "weighted_f1": 0.33521505376344085,
    "overall": 0.30682027649769583
  },
  "metrics_exact": {
    "accuracy": 0.005,
    "top1_accuracy": 0.01,
    "top3_accuracy": 0.01,
    "macro_f1": 0.023809523809523808,
    "weighted_f1": 0.0125,
    "overall": 0.012261904761904762
  },
  "total_seconds": 2899.6,
  "avg_seconds_per_case": 14.5
}
