{
  "sweep_name": "evidence_mdd5k",
  "timestamp": "2026-03-22T21:28:31.068460",
  "provider": "vllm",
  "model": "Qwen/Qwen3-32B-AWQ",
  "n_cases": 200,
  "seed": 42,
  "n_conditions": 2,
  "conditions": {
    "hied_no_evidence": {
      "condition": "hied_no_evidence",
      "n_cases": 200,
      "metrics_parent_normalized": {
        "accuracy": 0.105,
        "top1_accuracy": 0.475,
        "top3_accuracy": 0.69,
        "macro_f1": 0.07151199184447267,
        "weighted_f1": 0.4378390580008227,
        "overall": 0.35587020996905905
      },
      "metrics_exact": {
        "accuracy": 0.04,
        "top1_accuracy": 0.3,
        "top3_accuracy": 0.405,
        "macro_f1": 0.045202797202797206,
        "weighted_f1": 0.2654125874125874,
        "overall": 0.2111230769230769
      },
      "total_seconds": 476.9,
      "avg_seconds_per_case": 2.4
    },
    "hied_bge-m3_evidence": {
      "condition": "hied_bge-m3_evidence",
      "n_cases": 200,
      "metrics_parent_normalized": {
        "accuracy": 0.14,
        "top1_accuracy": 0.485,
        "top3_accuracy": 0.655,
        "macro_f1": 0.062253488640295236,
        "weighted_f1": 0.4442015915119363,
        "overall": 0.35729101603044633
      },
      "metrics_exact": {
        "accuracy": 0.02,
        "top1_accuracy": 0.295,
        "top3_accuracy": 0.325,
        "macro_f1": 0.036307692307692305,
        "weighted_f1": 0.2686153846153846,
        "overall": 0.18898461538461536
      },
      "total_seconds": 20253.5,
      "avg_seconds_per_case": 101.3
    }
  }
}
