{
  "sweep_name": "evidence_edaic",
  "timestamp": "2026-03-23T01:11:13.870649+00:00",
  "provider": "vllm",
  "model": "Qwen/Qwen3-32B",
  "n_cases": 217,
  "seed": 42,
  "n_conditions": 2,
  "conditions": {
    "hied_no_evidence": {
      "condition": "hied_no_evidence",
      "n_cases": 217,
      "metrics_parent_normalized": {
        "accuracy": 0.07936507936507936,
        "top1_accuracy": 0.14285714285714285,
        "top3_accuracy": 0.15873015873015872,
        "macro_f1": 0.0625,
        "weighted_f1": 0.25,
        "overall": 0.1386904761904762
      },
      "metrics_comorbidity": {
        "hamming_accuracy": 0.1164021164021164,
        "subset_accuracy": 0.07936507936507936,
        "comorbidity_detection_f1": 0.0,
        "label_coverage": 0.15873015873015872,
        "label_precision": 0.8148148148148148,
        "avg_predicted_labels": 0.4444444444444444,
        "avg_gold_labels": 1.0
      },
      "total_seconds": 2368.7,
      "avg_seconds_per_case": 10.9
    },
    "hied_bge-m3_evidence": {
      "condition": "hied_bge-m3_evidence",
      "n_cases": 217,
      "metrics_parent_normalized": {
        "accuracy": 0.1746031746031746,
        "top1_accuracy": 0.2222222222222222,
        "top3_accuracy": 0.2698412698412698,
        "macro_f1": 0.09090909090909091,
        "weighted_f1": 0.36363636363636365,
        "overall": 0.22424242424242422
      },
      "metrics_comorbidity": {
        "hamming_accuracy": 0.2222222222222222,
        "subset_accuracy": 0.1746031746031746,
        "comorbidity_detection_f1": 0.0,
        "label_coverage": 0.2698412698412698,
        "label_precision": 0.8253968253968254,
        "avg_predicted_labels": 0.5079365079365079,
        "avg_gold_labels": 1.0
      },
      "total_seconds": 8650.0,
      "avg_seconds_per_case": 39.9
    }
  }
}
