{
  "condition": "v10_mdd5k_20260320_233729/psycot_no_evidence",
  "n_cases": 200,
  "comorbidity": {
    "hamming_accuracy": 0.37375,
    "subset_accuracy": 0.14,
    "comorbidity_detection_f1": 0.19161676646706588,
    "label_coverage": 0.6333333333333333,
    "label_precision": 0.3858333333333333,
    "avg_predicted_labels": 1.93,
    "avg_gold_labels": 1.105
  },
  "four_class": {
    "accuracy": 0.185,
    "per_class": {
      "Depression": {
        "precision": 0.4642857142857143,
        "recall": 0.16049382716049382,
        "f1": 0.23853211009174313,
        "support": 81.0
      },
      "Anxiety": {
        "precision": 0.64,
        "recall": 0.23529411764705882,
        "f1": 0.34408602150537637,
        "support": 68.0
      },
      "Mixed": {
        "precision": 0.043478260869565216,
        "recall": 0.6666666666666666,
        "f1": 0.08163265306122448,
        "support": 9.0
      },
      "Other": {
        "precision": 0.2222222222222222,
        "recall": 0.047619047619047616,
        "f1": 0.0784313725490196,
        "support": 42.0
      }
    },
    "confusion_matrix": [
      [
        13,
        3,
        60,
        5
      ],
      [
        10,
        16,
        41,
        1
      ],
      [
        1,
        1,
        6,
        1
      ],
      [
        4,
        5,
        31,
        2
      ]
    ],
    "labels": [
      "Depression",
      "Anxiety",
      "Mixed",
      "Other"
    ],
    "macro_f1": 0.1856705393018409
  }
}