{
  "condition": "psycot_no_evidence",
  "n_cases": 200,
  "metrics_parent_normalized": {
    "accuracy": 0.115,
    "top1_accuracy": 0.395,
    "top3_accuracy": 0.635,
    "macro_f1": 0.06156833401548719,
    "weighted_f1": 0.3361543485175585,
    "overall": 0.3085445365066091
  },
  "metrics_exact": {
    "accuracy": 0.045,
    "top1_accuracy": 0.13,
    "top3_accuracy": 0.355,
    "macro_f1": 0.03565276828434723,
    "weighted_f1": 0.1603622693096377,
    "overall": 0.145203007518797
  },
  "total_seconds": 2284.3,
  "avg_seconds_per_case": 11.4
}
