{
  "sweep_name": "contrastive_off_mdd5k",
  "timestamp": "2026-03-21T16:50:32.265274",
  "provider": "vllm",
  "model": "Qwen/Qwen3-32B-AWQ",
  "n_cases": 200,
  "seed": 42,
  "n_conditions": 1,
  "conditions": {
    "hied_no_evidence": {
      "condition": "hied_no_evidence",
      "n_cases": 200,
      "metrics_parent_normalized": {
        "accuracy": 0.13,
        "top1_accuracy": 0.495,
        "top3_accuracy": 0.68,
        "macro_f1": 0.07904203926405592,
        "weighted_f1": 0.4582387706855792,
        "overall": 0.36845616198992703
      },
      "metrics_exact": {
        "accuracy": 0.045,
        "top1_accuracy": 0.295,
        "top3_accuracy": 0.4,
        "macro_f1": 0.05049645390070921,
        "weighted_f1": 0.27212765957446805,
        "overall": 0.21252482269503545
      },
      "total_seconds": 13036.3,
      "avg_seconds_per_case": 65.2
    }
  }
}
