{
  "condition": "n200_3mode_20260320_131920/hied_no_evidence",
  "n_cases": 200,
  "comorbidity": {
    "hamming_accuracy": 0.4266666666666666,
    "subset_accuracy": 0.2,
    "comorbidity_detection_f1": 0.16901408450704225,
    "label_coverage": 0.6783333333333332,
    "label_precision": 0.4445833333333333,
    "avg_predicted_labels": 1.795,
    "avg_gold_labels": 1.105
  }
}