{
  "condition": "hied_no_evidence",
  "n_cases": 200,
  "metrics_parent_normalized": {
    "accuracy": 0.2,
    "top1_accuracy": 0.49,
    "top3_accuracy": 0.67,
    "macro_f1": 0.07177374720040629,
    "weighted_f1": 0.4597909157275174,
    "overall": 0.3783129325855847
  },
  "metrics_exact": {
    "accuracy": 0.14,
    "top1_accuracy": 0.36,
    "top3_accuracy": 0.39,
    "macro_f1": 0.045437788018433185,
    "weighted_f1": 0.287315668202765,
    "overall": 0.24455069124423962
  },
  "total_seconds": 11177.0,
  "avg_seconds_per_case": 55.9
}
