{
  "split": "test_final",
  "n": 1000,
  "stacker_model": "outputs/stacker/stacker_lgbm.pkl",
  "table4": {
    "2class_Acc": 0.7526427061310782,
    "2class_F1_macro": 0.7377612173641148,
    "2class_F1_weighted": 0.7740054340946082,
    "4class_Acc": 0.546,
    "4class_F1_macro": 0.48438631820770683,
    "4class_F1_weighted": 0.5087121773555644,
    "12class_Acc": 0.535,
    "12class_Top1": 0.612,
    "12class_Top3": 0.925,
    "12class_F1_macro": 0.33441714656398963,
    "12class_F1_weighted": 0.5726872501765499,
    "2class_n": 473,
    "4class_n": 1000,
    "12class_n": 1000,
    "Overall": 0.616601113626692
  },
  "top1_stacker": {
    "mean": 0.612,
    "ci95": [
      0.58195,
      0.640025
    ]
  },
  "top3_stacker": {
    "mean": 0.925,
    "ci95": [
      0.908,
      0.941
    ]
  },
  "top1_tfidf_baseline": {
    "mean": 0.611,
    "ci95": [
      0.579,
      0.638
    ]
  },
  "top1_dtv_baseline": {
    "mean": 0.516,
    "ci95": [
      0.486,
      0.547
    ]
  },
  "mcnemar_stacker_vs_tfidf_p": 0.9999999999999999,
  "mcnemar_stacker_vs_dtv_p": 9.899589570965435e-09,
  "bootstrap_config": {
    "n_resamples": 1000,
    "seed": 20260420
  },
  "metric_definitions": {
    "12class_Top1_source": "primary_diagnosis (paper-parent)",
    "12class_Top3_source": "[primary] + (ranked_codes - {primary})[:2] (paper-parent)",
    "12class_F1_source": "primary + threshold-gated comorbid_diagnoses (paper-parent multilabel)",
    "2class_gold_source": "raw DiagnosisCode (F41.2 excluded)",
    "4class_gold_source": "raw DiagnosisCode (F41.2 -> Mixed)",
    "Overall_source": "mean(non-_n metrics)",
    "post_fix_version": "v4 (eval_contract_repair_2026_04_25)"
  }
}