{
  "sweep_name": "evidence_lingxidiag",
  "timestamp": "2026-03-22T01:50:14.486988",
  "provider": "vllm",
  "model": "Qwen/Qwen3-32B-AWQ",
  "n_cases": 200,
  "seed": 42,
  "n_conditions": 2,
  "conditions": {
    "hied_no_evidence": {
      "condition": "hied_no_evidence",
      "n_cases": 200,
      "metrics_parent_normalized": {
        "accuracy": 0.215,
        "top1_accuracy": 0.4,
        "top3_accuracy": 0.56,
        "macro_f1": 0.09559542736013325,
        "weighted_f1": 0.3631932773109244,
        "overall": 0.3267577409342115
      },
      "metrics_exact": {
        "accuracy": 0.155,
        "top1_accuracy": 0.28,
        "top3_accuracy": 0.325,
        "macro_f1": 0.053127413127413134,
        "weighted_f1": 0.22,
        "overall": 0.2066254826254826
      },
      "total_seconds": 2701.3,
      "avg_seconds_per_case": 13.5
    },
    "hied_bge-m3_evidence": {
      "condition": "hied_bge-m3_evidence",
      "n_cases": 200,
      "metrics_parent_normalized": {
        "accuracy": 0.15,
        "top1_accuracy": 0.395,
        "top3_accuracy": 0.72,
        "macro_f1": 0.09367569619435291,
        "weighted_f1": 0.35118021903469665,
        "overall": 0.34197118304581
      },
      "metrics_exact": {
        "accuracy": 0.1,
        "top1_accuracy": 0.27,
        "top3_accuracy": 0.385,
        "macro_f1": 0.05776723276723277,
        "weighted_f1": 0.21871753246753248,
        "overall": 0.20629695304695303
      },
      "total_seconds": 9435.7,
      "avg_seconds_per_case": 47.2
    }
  }
}
