{
  "condition": "hied_no_evidence",
  "n_cases": 5,
  "metrics_parent_normalized": {
    "accuracy": 0.2,
    "top1_accuracy": 0.4,
    "top3_accuracy": 0.4,
    "macro_f1": 0.2333333333333333,
    "weighted_f1": 0.4666666666666666,
    "overall": 0.33999999999999997
  },
  "metrics_exact": {
    "accuracy": 0.2,
    "top1_accuracy": 0.2,
    "top3_accuracy": 0.2,
    "macro_f1": 0.08333333333333333,
    "weighted_f1": 0.2,
    "overall": 0.1766666666666667
  },
  "total_seconds": 283.6,
  "avg_seconds_per_case": 56.7
}
