{
  "condition": "psycot_no_evidence",
  "n_cases": 200,
  "metrics_parent_normalized": {
    "accuracy": 0.185,
    "top1_accuracy": 0.47,
    "top3_accuracy": 0.635,
    "macro_f1": 0.0668778419251009,
    "weighted_f1": 0.44745593419506463,
    "overall": 0.3608667552240331
  },
  "metrics_exact": {
    "accuracy": 0.14,
    "top1_accuracy": 0.275,
    "top3_accuracy": 0.355,
    "macro_f1": 0.038918918918918924,
    "weighted_f1": 0.25810810810810814,
    "overall": 0.21340540540540545
  },
  "total_seconds": 0.3,
  "avg_seconds_per_case": 0.0
}
