{
  "condition": "psycot_no_evidence",
  "n_cases": 200,
  "metrics_parent_normalized": {
    "accuracy": 0.115,
    "top1_accuracy": 0.49,
    "top3_accuracy": 0.655,
    "macro_f1": 0.07457781200876257,
    "weighted_f1": 0.44648802090895884,
    "overall": 0.3562131665835443
  },
  "metrics_exact": {
    "accuracy": 0.045,
    "top1_accuracy": 0.31,
    "top3_accuracy": 0.375,
    "macro_f1": 0.048329896907216494,
    "weighted_f1": 0.2766288659793814,
    "overall": 0.21099175257731959
  },
  "total_seconds": 0.7,
  "avg_seconds_per_case": 0.0
}
