{
  "schema_version": "v1",
  "run_id": "pilot_dsm5",
  "dataset": "mdd5k",
  "num_cases": 925,
  "metrics": {
    "comorbidity": {
      "avg_gold_labels": 1.0908108108108108,
      "avg_predicted_labels": 1.9351351351351351,
      "comorbidity_detection_f1": 0.1569459172852598,
      "hamming_accuracy": 0.3766666666666667,
      "label_coverage": 0.7082882882882883,
      "label_precision": 0.3864864864864865,
      "subset_accuracy": 0.03567567567567568
    },
    "diagnosis": {
      "accuracy": 0.03135135135135135,
      "macro_f1": 0.1950020769507863,
      "overall": 0.4062830171271723,
      "top1_accuracy": 0.5718918918918919,
      "top3_accuracy": 0.7275675675675676,
      "weighted_f1": 0.5056021978742641
    },
    "table4": {
      "2class_Acc": 0.9122448979591836,
      "2class_F1_macro": 0.8810776942355889,
      "2class_F1_weighted": 0.9216735716843127,
      "4class_Acc": 0.52,
      "4class_F1_macro": 0.4705618825618826,
      "4class_F1_weighted": 0.4993236500436501,
      "12class_Acc": 0.03567567567567568,
      "12class_Top1": 0.5805405405405405,
      "12class_Top3": 0.8421621621621621,
      "12class_F1_macro": 0.23033801554597297,
      "12class_F1_weighted": 0.5263744597177696,
      "2class_n": 490,
      "4class_n": 925,
      "12class_n": 925,
      "Overall": 0.5836338681933398
    },
    "metric_definitions": {
      "12class_Top1_source": "primary_diagnosis (paper-parent)",
      "12class_Top3_source": "[primary] + (ranked_codes - {primary})[:2] (paper-parent)",
      "12class_F1_source": "primary + threshold-gated comorbid_diagnoses (paper-parent multilabel)",
      "12class_exact_match_source": "same as F1 (multilabel)",
      "2class_gold_source": "MDD-5k Label/patient_*_label.json ICD_Code (F41.2 excluded)",
      "2class_pred_source": "primary_diagnosis (paper-parent)",
      "4class_gold_source": "MDD-5k Label/patient_*_label.json ICD_Code (F41.2 -> Mixed)",
      "4class_pred_source": "primary + raw_pred_codes for F41.2 detection",
      "Overall_source": "mean(non-_n metrics)",
      "post_fix_version": "v4 (eval_contract_repair_2026_04_25)",
      "paper_canonical_top1": "table4.12class_Top1 (multi-label paper alignment)",
      "mdd5k_raw_gold_source": "data/raw/mdd5k_repo/Label/patient_*_label.json ICD_Code"
    }
  },
  "slice_metrics": [
    {
      "abstention_rate": 0.0,
      "num_cases": 410,
      "slice": "F32",
      "top1_accuracy": 0.926829268292683
    },
    {
      "abstention_rate": 0.0,
      "num_cases": 2,
      "slice": "F33",
      "top1_accuracy": 0.0
    },
    {
      "abstention_rate": 0.0,
      "num_cases": 21,
      "slice": "F42",
      "top1_accuracy": 0.23809523809523808
    },
    {
      "abstention_rate": 0.0,
      "num_cases": 925,
      "slice": "somatized_expression",
      "top1_accuracy": 0.5718918918918919
    }
  ]
}
