{
  "a": 0.43145772917706365,
  "b": -0.33684723690254387,
  "optimal_threshold": 0.47999999999999976,
  "fitted": true
}