{
  "a": 0.32871490229429484,
  "b": -0.049634104772138164,
  "optimal_threshold": 0.1,
  "fitted": true
}