{
  "condition": "v10_lingxidiag_20260320_222603/hied_no_evidence",
  "n_cases": 200,
  "comorbidity": {
    "hamming_accuracy": 0.3816666666666667,
    "subset_accuracy": 0.185,
    "comorbidity_detection_f1": 0.16923076923076924,
    "label_coverage": 0.5825,
    "label_precision": 0.395,
    "avg_predicted_labels": 1.64,
    "avg_gold_labels": 1.105
  },
  "four_class": {
    "accuracy": 0.27,
    "per_class": {
      "Depression": {
        "precision": 0.4583333333333333,
        "recall": 0.3333333333333333,
        "f1": 0.38596491228070173,
        "support": 66.0
      },
      "Anxiety": {
        "precision": 0.47619047619047616,
        "recall": 0.273972602739726,
        "f1": 0.34782608695652173,
        "support": 73.0
      },
      "Mixed": {
        "precision": 0.043010752688172046,
        "recall": 0.5,
        "f1": 0.07920792079207921,
        "support": 8.0
      },
      "Other": {
        "precision": 0.47058823529411764,
        "recall": 0.1509433962264151,
        "f1": 0.22857142857142856,
        "support": 53.0
      }
    },
    "confusion_matrix": [
      [
        22,
        3,
        35,
        6
      ],
      [
        16,
        20,
        35,
        2
      ],
      [
        2,
        1,
        4,
        1
      ],
      [
        8,
        18,
        19,
        8
      ]
    ],
    "labels": [
      "Depression",
      "Anxiety",
      "Mixed",
      "Other"
    ],
    "macro_f1": 0.2603925871501828
  }
}