{
  "condition": "hied_no_evidence",
  "n_cases": 200,
  "metrics_parent_normalized": {
    "accuracy": 0.185,
    "top1_accuracy": 0.41,
    "top3_accuracy": 0.595,
    "macro_f1": 0.09085263454494223,
    "weighted_f1": 0.3730211721611722,
    "overall": 0.3307747613412229
  },
  "metrics_exact": {
    "accuracy": 0.11,
    "top1_accuracy": 0.275,
    "top3_accuracy": 0.325,
    "macro_f1": 0.04993894993894994,
    "weighted_f1": 0.2196611721611722,
    "overall": 0.19592002442002443
  },
  "total_seconds": 4283.5,
  "avg_seconds_per_case": 21.4
}
