{
  "condition": "specialist_no_evidence",
  "n_cases": 200,
  "metrics_parent_normalized": {
    "accuracy": 0.045,
    "top1_accuracy": 0.39,
    "top3_accuracy": 0.67,
    "macro_f1": 0.09122366261347267,
    "weighted_f1": 0.32959777911767657,
    "overall": 0.30516428834622983
  },
  "metrics_exact": {
    "accuracy": 0.0,
    "top1_accuracy": 0.005,
    "top3_accuracy": 0.01,
    "macro_f1": 0.011428571428571429,
    "weighted_f1": 0.007142857142857142,
    "overall": 0.006714285714285714
  },
  "total_seconds": 2629.5,
  "avg_seconds_per_case": 13.1
}
