{
  "hamming_accuracy": 0.3779166666666666,
  "subset_accuracy": 0.11,
  "comorbidity_detection_f1": 0.18604651162790697,
  "label_coverage": 0.6833333333333332,
  "label_precision": 0.3933333333333333,
  "avg_predicted_labels": 1.99,
  "avg_gold_labels": 1.105,
  "n_evaluated": 200,
  "n_skipped": 0
}