{
  "condition": "hied_no_evidence",
  "n_cases": 200,
  "metrics_parent_normalized": {
    "accuracy": 0.105,
    "top1_accuracy": 0.475,
    "top3_accuracy": 0.69,
    "macro_f1": 0.07151199184447267,
    "weighted_f1": 0.4378390580008227,
    "overall": 0.35587020996905905
  },
  "metrics_exact": {
    "accuracy": 0.04,
    "top1_accuracy": 0.3,
    "top3_accuracy": 0.405,
    "macro_f1": 0.045202797202797206,
    "weighted_f1": 0.2654125874125874,
    "overall": 0.2111230769230769
  },
  "total_seconds": 476.9,
  "avg_seconds_per_case": 2.4
}
