{
  "global": {
    "F20": {
      "support": 5,
      "predicted_positive": 26,
      "true_positive": 4,
      "false_positive": 22,
      "false_negative": 1,
      "true_negative": 973,
      "precision": 0.15384615384615385,
      "recall": 0.8,
      "f1": 0.25806451612903225
    },
    "F31": {
      "support": 9,
      "predicted_positive": 3,
      "true_positive": 0,
      "false_positive": 3,
      "false_negative": 9,
      "true_negative": 988,
      "precision": 0.0,
      "recall": 0.0,
      "f1": 0.0
    },
    "F32": {
      "support": 370,
      "predicted_positive": 805,
      "true_positive": 350,
      "false_positive": 455,
      "false_negative": 20,
      "true_negative": 175,
      "precision": 0.43478260869565216,
      "recall": 0.9459459459459459,
      "f1": 0.5957446808510638
    },
    "F39": {
      "support": 63,
      "predicted_positive": 114,
      "true_positive": 9,
      "false_positive": 105,
      "false_negative": 54,
      "true_negative": 832,
      "precision": 0.07894736842105263,
      "recall": 0.14285714285714285,
      "f1": 0.1016949152542373
    },
    "F41": {
      "support": 394,
      "predicted_positive": 674,
      "true_positive": 301,
      "false_positive": 373,
      "false_negative": 93,
      "true_negative": 233,
      "precision": 0.4465875370919881,
      "recall": 0.7639593908629442,
      "f1": 0.5636704119850187
    },
    "F42": {
      "support": 36,
      "predicted_positive": 155,
      "true_positive": 17,
      "false_positive": 138,
      "false_negative": 19,
      "true_negative": 826,
      "precision": 0.10967741935483871,
      "recall": 0.4722222222222222,
      "f1": 0.17801047120418848
    },
    "F43": {
      "support": 15,
      "predicted_positive": 690,
      "true_positive": 11,
      "false_positive": 679,
      "false_negative": 4,
      "true_negative": 306,
      "precision": 0.015942028985507246,
      "recall": 0.7333333333333333,
      "f1": 0.031205673758865248
    },
    "F45": {
      "support": 16,
      "predicted_positive": 0,
      "true_positive": 0,
      "false_positive": 0,
      "false_negative": 16,
      "true_negative": 984,
      "precision": 0.0,
      "recall": 0.0,
      "f1": 0.0
    },
    "F51": {
      "support": 43,
      "predicted_positive": 951,
      "true_positive": 43,
      "false_positive": 908,
      "false_negative": 0,
      "true_negative": 49,
      "precision": 0.0452155625657203,
      "recall": 1.0,
      "f1": 0.08651911468812878
    },
    "F98": {
      "support": 47,
      "predicted_positive": 41,
      "true_positive": 3,
      "false_positive": 38,
      "false_negative": 44,
      "true_negative": 915,
      "precision": 0.07317073170731707,
      "recall": 0.06382978723404255,
      "f1": 0.06818181818181818
    },
    "Others": {
      "support": 93,
      "predicted_positive": 0,
      "true_positive": 0,
      "false_positive": 0,
      "false_negative": 93,
      "true_negative": 907,
      "precision": 0.0,
      "recall": 0.0,
      "f1": 0.0
    }
  },
  "by_mode": {
    "hied": {
      "F20": {
        "support": 5,
        "predicted_positive": 26,
        "true_positive": 4,
        "false_positive": 22,
        "false_negative": 1,
        "true_negative": 973,
        "precision": 0.15384615384615385,
        "recall": 0.8,
        "f1": 0.25806451612903225
      },
      "F31": {
        "support": 9,
        "predicted_positive": 3,
        "true_positive": 0,
        "false_positive": 3,
        "false_negative": 9,
        "true_negative": 988,
        "precision": 0.0,
        "recall": 0.0,
        "f1": 0.0
      },
      "F32": {
        "support": 370,
        "predicted_positive": 805,
        "true_positive": 350,
        "false_positive": 455,
        "false_negative": 20,
        "true_negative": 175,
        "precision": 0.43478260869565216,
        "recall": 0.9459459459459459,
        "f1": 0.5957446808510638
      },
      "F39": {
        "support": 63,
        "predicted_positive": 114,
        "true_positive": 9,
        "false_positive": 105,
        "false_negative": 54,
        "true_negative": 832,
        "precision": 0.07894736842105263,
        "recall": 0.14285714285714285,
        "f1": 0.1016949152542373
      },
      "F41": {
        "support": 394,
        "predicted_positive": 674,
        "true_positive": 301,
        "false_positive": 373,
        "false_negative": 93,
        "true_negative": 233,
        "precision": 0.4465875370919881,
        "recall": 0.7639593908629442,
        "f1": 0.5636704119850187
      },
      "F42": {
        "support": 36,
        "predicted_positive": 155,
        "true_positive": 17,
        "false_positive": 138,
        "false_negative": 19,
        "true_negative": 826,
        "precision": 0.10967741935483871,
        "recall": 0.4722222222222222,
        "f1": 0.17801047120418848
      },
      "F43": {
        "support": 15,
        "predicted_positive": 690,
        "true_positive": 11,
        "false_positive": 679,
        "false_negative": 4,
        "true_negative": 306,
        "precision": 0.015942028985507246,
        "recall": 0.7333333333333333,
        "f1": 0.031205673758865248
      },
      "F45": {
        "support": 16,
        "predicted_positive": 0,
        "true_positive": 0,
        "false_positive": 0,
        "false_negative": 16,
        "true_negative": 984,
        "precision": 0.0,
        "recall": 0.0,
        "f1": 0.0
      },
      "F51": {
        "support": 43,
        "predicted_positive": 951,
        "true_positive": 43,
        "false_positive": 908,
        "false_negative": 0,
        "true_negative": 49,
        "precision": 0.0452155625657203,
        "recall": 1.0,
        "f1": 0.08651911468812878
      },
      "F98": {
        "support": 47,
        "predicted_positive": 41,
        "true_positive": 3,
        "false_positive": 38,
        "false_negative": 44,
        "true_negative": 915,
        "precision": 0.07317073170731707,
        "recall": 0.06382978723404255,
        "f1": 0.06818181818181818
      },
      "Others": {
        "support": 93,
        "predicted_positive": 0,
        "true_positive": 0,
        "false_positive": 0,
        "false_negative": 93,
        "true_negative": 907,
        "precision": 0.0,
        "recall": 0.0,
        "f1": 0.0
      }
    }
  },
  "by_dataset": {
    "lingxidiag": {
      "F20": {
        "support": 5,
        "predicted_positive": 26,
        "true_positive": 4,
        "false_positive": 22,
        "false_negative": 1,
        "true_negative": 973,
        "precision": 0.15384615384615385,
        "recall": 0.8,
        "f1": 0.25806451612903225
      },
      "F31": {
        "support": 9,
        "predicted_positive": 3,
        "true_positive": 0,
        "false_positive": 3,
        "false_negative": 9,
        "true_negative": 988,
        "precision": 0.0,
        "recall": 0.0,
        "f1": 0.0
      },
      "F32": {
        "support": 370,
        "predicted_positive": 805,
        "true_positive": 350,
        "false_positive": 455,
        "false_negative": 20,
        "true_negative": 175,
        "precision": 0.43478260869565216,
        "recall": 0.9459459459459459,
        "f1": 0.5957446808510638
      },
      "F39": {
        "support": 63,
        "predicted_positive": 114,
        "true_positive": 9,
        "false_positive": 105,
        "false_negative": 54,
        "true_negative": 832,
        "precision": 0.07894736842105263,
        "recall": 0.14285714285714285,
        "f1": 0.1016949152542373
      },
      "F41": {
        "support": 394,
        "predicted_positive": 674,
        "true_positive": 301,
        "false_positive": 373,
        "false_negative": 93,
        "true_negative": 233,
        "precision": 0.4465875370919881,
        "recall": 0.7639593908629442,
        "f1": 0.5636704119850187
      },
      "F42": {
        "support": 36,
        "predicted_positive": 155,