{
  "diagnosis": {
    "accuracy": 0.25396825396825395,
    "top1_accuracy": 0.2857142857142857,
    "top3_accuracy": 0.30158730158730157,
    "macro_f1": 0.1111111111111111,
    "weighted_f1": 0.4444444444444444,
    "overall": 0.27936507936507937
  },
  "comorbidity": {
    "hamming_accuracy": 0.2751322751322751,
    "subset_accuracy": 0.25396825396825395,
    "comorbidity_detection_f1": 0.0,
    "label_coverage": 0.30158730158730157,
    "label_precision": 0.8465608465608465,
    "avg_predicted_labels": 0.49206349206349204,
    "avg_gold_labels": 1.0
  }
}
