{
  "condition": "hied_bge-m3_evidence",
  "n_cases": 50,
  "metrics_parent_normalized": {
    "accuracy": 0.08,
    "top1_accuracy": 0.48,
    "top3_accuracy": 0.72,
    "macro_f1": 0.10773809523809524,
    "weighted_f1": 0.4238571428571429,
    "overall": 0.3623190476190476
  },
  "metrics_exact": {
    "accuracy": 0.06,
    "top1_accuracy": 0.38,
    "top3_accuracy": 0.4,
    "macro_f1": 0.06868131868131869,
    "weighted_f1": 0.28785714285714287,
    "overall": 0.2393076923076923
  },
  "total_seconds": 5355.6,
  "avg_seconds_per_case": 107.1
}
