{
  "diagnosis": {
    "accuracy": 0.05621621621621622,
    "top1_accuracy": 0.5848648648648649,
    "top3_accuracy": 0.7394594594594595,
    "macro_f1": 0.20577153483846497,
    "weighted_f1": 0.5308778899614535,
    "overall": 0.42343799306809177
  },
  "comorbidity": {
    "hamming_accuracy": 0.39756756756756756,
    "subset_accuracy": 0.06054054054054054,
    "comorbidity_detection_f1": 0.14457831325301204,
    "label_coverage": 0.7218018018018018,
    "label_precision": 0.41081081081081083,
    "avg_predicted_labels": 1.9027027027027028,
    "avg_gold_labels": 1.0908108108108108
  },
  "table4": {
    "2class_Acc": 0.889795918367347,
    "2class_F1_macro": 0.8709000762776506,
    "2class_F1_weighted": 0.9071436354862311,
    "4class_Acc": 0.44432432432432434,
    "4class_F1_macro": 0.44275048685300233,
    "4class_F1_weighted": 0.4442236022848744,
    "12class_Acc": 0.06378378378378378,
    "12class_Top1": 0.5967567567567568,
    "12class_Top3": 0.8529729729729729,
    "12class_F1_macro": 0.19739677707476846,
    "12class_F1_weighted": 0.5136484188164044,
    "2class_n": 490,
    "4class_n": 925,
    "12class_n": 925,
    "Overall": 0.5657906139089197
  },
  "metric_definitions": {
    "12class_Top1_source": "primary_diagnosis (paper-parent)",
    "12class_Top3_source": "[primary] + (ranked_codes - {primary})[:2] (paper-parent)",
    "12class_F1_source": "primary + threshold-gated comorbid_diagnoses (paper-parent multilabel)",
    "12class_exact_match_source": "same as F1 (multilabel)",
    "2class_gold_source": "MDD-5k Label/patient_*_label.json ICD_Code (F41.2 excluded)",
    "2class_pred_source": "primary_diagnosis (paper-parent)",
    "4class_gold_source": "MDD-5k Label/patient_*_label.json ICD_Code (F41.2 -> Mixed)",
    "4class_pred_source": "primary + raw_pred_codes for F41.2 detection",
    "Overall_source": "mean(non-_n metrics)",
    "post_fix_version": "v4 (eval_contract_repair_2026_04_25)"
  }
}
