{
  "condition": "lingxidiag_3mode_crossval_20260320_195057/psycot_no_evidence",
  "n_cases": 200,
  "comorbidity": {
    "hamming_accuracy": 0.3658333333333333,
    "subset_accuracy": 0.24,
    "comorbidity_detection_f1": 0.14893617021276595,
    "label_coverage": 0.49,
    "label_precision": 0.38125,
    "avg_predicted_labels": 1.445,
    "avg_gold_labels": 1.105
  },
  "four_class": {
    "accuracy": 0.35,
    "per_class": {
      "Depression": {
        "precision": 0.48484848484848486,
        "recall": 0.7272727272727273,
        "f1": 0.5818181818181818,
        "support": 66.0
      },
      "Anxiety": {
        "precision": 0.4117647058823529,
        "recall": 0.0958904109589041,
        "f1": 0.15555555555555556,
        "support": 73.0
      },
      "Mixed": {
        "precision": 0.01818181818181818,
        "recall": 0.125,
        "f1": 0.031746031746031744,
        "support": 8.0
      },
      "Other": {
        "precision": 0.4827586206896552,
        "recall": 0.2641509433962264,
        "f1": 0.34146341463414637,
        "support": 53.0
      }
    },
    "confusion_matrix": [
      [
        48,
        1,
        12,
        5
      ],
      [
        30,
        7,
        28,
        8
      ],
      [
        5,
        0,
        1,
        2
      ],
      [
        16,
        9,
        14,
        14
      ]
    ],
    "labels": [
      "Depression",
      "Anxiety",
      "Mixed",
      "Other"
    ],
    "macro_f1": 0.2776457959384789
  }
}