{
  "hamming_accuracy": 0.37375,
  "subset_accuracy": 0.14,
  "comorbidity_detection_f1": 0.19161676646706588,
  "label_coverage": 0.6333333333333333,
  "label_precision": 0.3858333333333333,
  "avg_predicted_labels": 1.93,
  "avg_gold_labels": 1.105,
  "n_evaluated": 200,
  "n_skipped": 0
}