{
  "sweep_name": "scale_score_edaic",
  "timestamp": "2026-03-27T03:17:19.525607+00:00",
  "provider": "vllm",
  "model": "Qwen/Qwen3-32B-AWQ",
  "n_cases": 217,
  "seed": 42,
  "scale_scores_active": true,
  "conditions": {
    "hied_no_evidence": {
      "n_cases": 217,
      "metrics": {
        "top1_accuracy": 0.2857142857142857,
        "top3_accuracy": 0.30158730158730157,
        "macro_f1": 0.08888888888888888
      },
      "comorbidity": {
        "hamming_accuracy": 0.2619047619047619,
        "subset_accuracy": 0.23809523809523808,
        "comorbidity_detection_f1": 0.0,
        "label_coverage": 0.30158730158730157,
        "label_precision": 0.2619047619047619,
        "avg_predicted_labels": 1.1111111111111112,
        "avg_gold_labels": 1.0
      },
      "total_seconds": 13.3,
      "avg_seconds_per_case": 0.1
    },
    "hied_bge-m3_evidence": {
      "n_cases": 217,
      "metrics": {
        "top1_accuracy": 0.38095238095238093,
        "top3_accuracy": 0.3968253968253968,
        "macro_f1": 0.1103448275862069
      },
      "comorbidity": {
        "hamming_accuracy": 0.373015873015873,
        "subset_accuracy": 0.3492063492063492,
        "comorbidity_detection_f1": 0.0,
        "label_coverage": 0.3968253968253968,
        "label_precision": 0.373015873015873,
        "avg_predicted_labels": 1.0476190476190477,
        "avg_gold_labels": 1.0
      },
      "total_seconds": 824.6,
      "avg_seconds_per_case": 3.8
    },
    "hied_bge-m3_no_somatization": {
      "n_cases": 217,
      "metrics": {
        "top1_accuracy": 0.38095238095238093,
        "top3_accuracy": 0.3968253968253968,
        "macro_f1": 0.1103448275862069
      },
      "comorbidity": {
        "hamming_accuracy": 0.373015873015873,
        "subset_accuracy": 0.3492063492063492,
        "comorbidity_detection_f1": 0.0,
        "label_coverage": 0.3968253968253968,
        "label_precision": 0.373015873015873,
        "avg_predicted_labels": 1.0476190476190477,
        "avg_gold_labels": 1.0
      },
      "total_seconds": 779.2,
      "avg_seconds_per_case": 3.6
    }
  }
}