{
  "sweep_name": "evidence_edaic",
  "timestamp": "2026-03-23T01:11:13.870649+00:00",
  "provider": "vllm",
  "model": "Qwen/Qwen3-32B",
  "n_cases": 217,
  "seed": 42,
  "n_conditions": 2,
  "conditions": {
    "hied_no_evidence": {
      "condition": "hied_no_evidence",
      "n_cases": 217,
      "metrics_parent_normalized": {
        "top1_accuracy": 0.12698412698412698,
        "top3_accuracy": 0.15873015873015872,
        "macro_f1": 0.04507042253521127
      },
      "metrics_comorbidity": {
        "hamming_accuracy": 0.10052910052910052,
        "subset_accuracy": 0.047619047619047616,
        "comorbidity_detection_f1": 0.0,
        "label_coverage": 0.15873015873015872,
        "label_precision": 0.10052910052910052,
        "avg_predicted_labels": 1.1904761904761905,
        "avg_gold_labels": 1.0
      },
      "total_seconds": 2368.7,
      "avg_seconds_per_case": 10.9
    },
    "hied_bge-m3_evidence": {
      "condition": "hied_bge-m3_evidence",
      "n_cases": 217,
      "metrics_parent_normalized": {
        "top1_accuracy": 0.20634920634920634,
        "top3_accuracy": 0.2698412698412698,
        "macro_f1": 0.06842105263157895
      },
      "metrics_comorbidity": {
        "hamming_accuracy": 0.21164021164021163,
        "subset_accuracy": 0.15873015873015872,
        "comorbidity_detection_f1": 0.0,
        "label_coverage": 0.2698412698412698,
        "label_precision": 0.21164021164021163,
        "avg_predicted_labels": 1.1428571428571428,
        "avg_gold_labels": 1.0
      },
      "total_seconds": 8650.0,
      "avg_seconds_per_case": 39.9
    }
  }
}