{
  "condition": "hied_no_evidence",
  "n_cases": 200,
  "metrics_parent_normalized": {
    "accuracy": 0.12,
    "top1_accuracy": 0.51,
    "top3_accuracy": 0.7,
    "macro_f1": 0.06371988931826551,
    "weighted_f1": 0.4434066214718972,
    "overall": 0.3674253021580326
  },
  "metrics_exact": {
    "accuracy": 0.045,
    "top1_accuracy": 0.395,
    "top3_accuracy": 0.42,
    "macro_f1": 0.04075822050290135,
    "weighted_f1": 0.29379497098646035,
    "overall": 0.23891063829787235
  },
  "total_seconds": 10395.1,
  "avg_seconds_per_case": 52.0
}
