{
  "global": {
    "F20": {
      "support": 5,
      "predicted_positive": 25,
      "true_positive": 4,
      "false_positive": 21,
      "false_negative": 1,
      "true_negative": 974,
      "precision": 0.16,
      "recall": 0.8,
      "f1": 0.26666666666666666
    },
    "F31": {
      "support": 9,
      "predicted_positive": 3,
      "true_positive": 0,
      "false_positive": 3,
      "false_negative": 9,
      "true_negative": 988,
      "precision": 0.0,
      "recall": 0.0,
      "f1": 0.0
    },
    "F32": {
      "support": 370,
      "predicted_positive": 800,
      "true_positive": 348,
      "false_positive": 452,
      "false_negative": 22,
      "true_negative": 178,
      "precision": 0.435,
      "recall": 0.9405405405405406,
      "f1": 0.5948717948717949
    },
    "F39": {
      "support": 63,
      "predicted_positive": 104,
      "true_positive": 9,
      "false_positive": 95,
      "false_negative": 54,
      "true_negative": 842,
      "precision": 0.08653846153846154,
      "recall": 0.14285714285714285,
      "f1": 0.10778443113772455
    },
    "F41": {
      "support": 394,
      "predicted_positive": 697,
      "true_positive": 298,
      "false_positive": 399,
      "false_negative": 96,
      "true_negative": 207,
      "precision": 0.42754662840746055,
      "recall": 0.7563451776649747,
      "f1": 0.5462878093492209
    },
    "F42": {
      "support": 36,
      "predicted_positive": 148,
      "true_positive": 17,
      "false_positive": 131,
      "false_negative": 19,
      "true_negative": 833,
      "precision": 0.11486486486486487,
      "recall": 0.4722222222222222,
      "f1": 0.18478260869565216
    },
    "F43": {
      "support": 15,
      "predicted_positive": 669,
      "true_positive": 11,
      "false_positive": 658,
      "false_negative": 4,
      "true_negative": 327,
      "precision": 0.016442451420029897,
      "recall": 0.7333333333333333,
      "f1": 0.032163742690058485
    },
    "F45": {
      "support": 16,
      "predicted_positive": 0,
      "true_positive": 0,
      "false_positive": 0,
      "false_negative": 16,
      "true_negative": 984,
      "precision": 0.0,
      "recall": 0.0,
      "f1": 0.0
    },
    "F51": {
      "support": 43,
      "predicted_positive": 947,
      "true_positive": 43,
      "false_positive": 904,
      "false_negative": 0,
      "true_negative": 53,
      "precision": 0.0454065469904963,
      "recall": 1.0,
      "f1": 0.08686868686868687
    },
    "F98": {
      "support": 47,
      "predicted_positive": 44,
      "true_positive": 3,
      "false_positive": 41,
      "false_negative": 44,
      "true_negative": 912,
      "precision": 0.06818181818181818,
      "recall": 0.06382978723404255,
      "f1": 0.06593406593406594
    },
    "Others": {
      "support": 93,
      "predicted_positive": 0,
      "true_positive": 0,
      "false_positive": 0,
      "false_negative": 93,
      "true_negative": 907,
      "precision": 0.0,
      "recall": 0.0,
      "f1": 0.0
    }
  },
  "by_mode": {
    "hied": {
      "F20": {
        "support": 5,
        "predicted_positive": 25,
        "true_positive": 4,
        "false_positive": 21,
        "false_negative": 1,
        "true_negative": 974,
        "precision": 0.16,
        "recall": 0.8,
        "f1": 0.26666666666666666
      },
      "F31": {
        "support": 9,
        "predicted_positive": 3,
        "true_positive": 0,
        "false_positive": 3,
        "false_negative": 9,
        "true_negative": 988,
        "precision": 0.0,
        "recall": 0.0,
        "f1": 0.0
      },
      "F32": {
        "support": 370,
        "predicted_positive": 800,
        "true_positive": 348,
        "false_positive": 452,
        "false_negative": 22,
        "true_negative": 178,
        "precision": 0.435,
        "recall": 0.9405405405405406,
        "f1": 0.5948717948717949
      },
      "F39": {
        "support": 63,
        "predicted_positive": 104,
        "true_positive": 9,
        "false_positive": 95,
        "false_negative": 54,
        "true_negative": 842,
        "precision": 0.08653846153846154,
        "recall": 0.14285714285714285,
        "f1": 0.10778443113772455
      },
      "F41": {
        "support": 394,
        "predicted_positive": 697,
        "true_positive": 298,
        "false_positive": 399,
        "false_negative": 96,
        "true_negative": 207,
        "precision": 0.42754662840746055,
        "recall": 0.7563451776649747,
        "f1": 0.5462878093492209
      },
      "F42": {
        "support": 36,
        "predicted_positive": 148,
        "true_positive": 17,
        "false_positive": 131,
        "false_negative": 19,
        "true_negative": 833,
        "precision": 0.11486486486486487,
        "recall": 0.4722222222222222,
        "f1": 0.18478260869565216
      },
      "F43": {
        "support": 15,
        "predicted_positive": 669,
        "true_positive": 11,
        "false_positive": 658,
        "false_negative": 4,
        "true_negative": 327,
        "precision": 0.016442451420029897,
        "recall": 0.7333333333333333,
        "f1": 0.032163742690058485
      },
      "F45": {
        "support": 16,
        "predicted_positive": 0,
        "true_positive": 0,
        "false_positive": 0,
        "false_negative": 16,
        "true_negative": 984,
        "precision": 0.0,
        "recall": 0.0,
        "f1": 0.0
      },
      "F51": {
        "support": 43,
        "predicted_positive": 947,
        "true_positive": 43,
        "false_positive": 904,
        "false_negative": 0,
        "true_negative": 53,
        "precision": 0.0454065469904963,
        "recall": 1.0,
        "f1": 0.08686868686868687
      },
      "F98": {
        "support": 47,
        "predicted_positive": 44,
        "true_positive": 3,
        "false_positive": 41,
        "false_negative": 44,
        "true_negative": 912,
        "precision": 0.06818181818181818,
        "recall": 0.06382978723404255,
        "f1": 0.06593406593406594
      },
      "Others": {
        "support": 93,
        "predicted_positive": 0,
        "true_positive": 0,
        "false_positive": 0,
        "false_negative": 93,
        "true_negative": 907,
        "precision": 0.0,
        "recall": 0.0,
        "f1": 0.0
      }
    }
  },
  "by_dataset": {
    "lingxidiag": {
      "F20": {
        "support": 5,
        "predicted_positive": 25,
        "true_positive": 4,
        "false_positive": 21,
        "false_negative": 1,
        "true_negative": 974,
        "precision": 0.16,
        "recall": 0.8,
        "f1": 0.26666666666666666
      },
      "F31": {
        "support": 9,
        "predicted_positive": 3,
        "true_positive": 0,
        "false_positive": 3,
        "false_negative": 9,
        "true_negative": 988,
        "precision": 0.0,
        "recall": 0.0,
        "f1": 0.0
      },
      "F32": {
        "support": 370,
        "predicted_positive": 800,
        "true_positive": 348,
        "false_positive": 452,
        "false_negative": 22,
        "true_negative": 178,
        "precision": 0.435,
        "recall": 0.9405405405405406,
        "f1": 0.5948717948717949
      },
      "F39": {
        "support": 63,
        "predicted_positive": 104,
        "true_positive": 9,
        "false_positive": 95,
        "false_negative": 54,
        "true_negative": 842,
        "precision": 0.08653846153846154,
        "recall": 0.14285714285714285,
        "f1": 0.10778443113772455
      },
      "F41": {
        "support": 394,
        "predicted_positive": 697,
        "true_positive": 298,
        "false_positive": 399,
        "false_negative": 96,
        "true_negative": 207,
        "precision": 0.42754662840746055,
        "recall": 0.7563451776649747,
        "f1": 0.5462878093492209
      },
      "F42": {
        "support": 36,
        "predicted_positive": 148,
        "true_positive": 17,
        "false_positive": 131,