{
  "condition": "debate_no_evidence",
  "n_cases": 50,
  "metrics_parent_normalized": {
    "accuracy": 0.02,
    "top1_accuracy": 0.58,
    "top3_accuracy": 0.86,
    "macro_f1": 0.4521103896103896,
    "weighted_f1": 0.47964285714285715,
    "overall": 0.47835064935064936
  },
  "metrics_exact": {
    "accuracy": 0.0,
    "top1_accuracy": 0.44,
    "top3_accuracy": 0.44,
    "macro_f1": 0.10416666666666666,
    "weighted_f1": 0.3133333333333333,
    "overall": 0.25949999999999995
  },
  "total_seconds": 3396.8,
  "avg_seconds_per_case": 67.9
}
