{
  "sweep_name": "scale_score_edaic",
  "timestamp": "2026-03-27T03:17:19.525607+00:00",
  "provider": "vllm",
  "model": "Qwen/Qwen3-32B-AWQ",
  "n_cases": 217,
  "seed": 42,
  "scale_scores_active": true,
  "conditions": {
    "hied_no_evidence": {
      "n_cases": 217,
      "metrics": {
        "accuracy": 0.25396825396825395,
        "top1_accuracy": 0.2857142857142857,
        "top3_accuracy": 0.30158730158730157,
        "macro_f1": 0.1111111111111111,
        "weighted_f1": 0.4444444444444444,
        "overall": 0.27936507936507937
      },
      "comorbidity": {
        "hamming_accuracy": 0.2751322751322751,
        "subset_accuracy": 0.25396825396825395,
        "comorbidity_detection_f1": 0.0,
        "label_coverage": 0.30158730158730157,
        "label_precision": 0.8465608465608465,
        "avg_predicted_labels": 0.49206349206349204,
        "avg_gold_labels": 1.0
      },
      "total_seconds": 13.3,
      "avg_seconds_per_case": 0.1
    },
    "hied_bge-m3_evidence": {
      "n_cases": 217,
      "metrics": {
        "accuracy": 0.36507936507936506,
        "top1_accuracy": 0.3968253968253968,
        "top3_accuracy": 0.3968253968253968,
        "macro_f1": 0.14204545454545456,
        "weighted_f1": 0.5681818181818182,
        "overall": 0.3737914862914863
      },
      "comorbidity": {
        "hamming_accuracy": 0.38095238095238093,
        "subset_accuracy": 0.36507936507936506,
        "comorbidity_detection_f1": 0.0,
        "label_coverage": 0.3968253968253968,
        "label_precision": 0.9047619047619048,
        "avg_predicted_labels": 0.5079365079365079,
        "avg_gold_labels": 1.0
      },
      "total_seconds": 824.6,
      "avg_seconds_per_case": 3.8
    },
    "hied_bge-m3_no_somatization": {
      "n_cases": 217,
      "metrics": {
        "accuracy": 0.36507936507936506,
        "top1_accuracy": 0.3968253968253968,
        "top3_accuracy": 0.3968253968253968,
        "macro_f1": 0.14204545454545456,
        "weighted_f1": 0.5681818181818182,
        "overall": 0.3737914862914863
      },
      "comorbidity": {
        "hamming_accuracy": 0.38095238095238093,
        "subset_accuracy": 0.36507936507936506,
        "comorbidity_detection_f1": 0.0,
        "label_coverage": 0.3968253968253968,
        "label_precision": 0.9047619047619048,
        "avg_predicted_labels": 0.5079365079365079,
        "avg_gold_labels": 1.0
      },
      "total_seconds": 779.2,
      "avg_seconds_per_case": 3.6
    }
  },
  "n_conditions": 3
}
