{
  "bootstrap_b": 10000,
  "seed": 42,
  "ci_alpha": 0.05,
  "datasets": {
    "lingxidiag": {
      "conditions": {
        "hied_no_evidence": {
          "top1_acc": {
            "point": 0.41,
            "lo": 0.345,
            "hi": 0.48
          },
          "top3_acc": {
            "point": 0.63,
            "lo": 0.565,
            "hi": 0.695
          },
          "macro_f1": {
            "point": 0.09117999922597625,
            "lo": 0.0742250372764842,
            "hi": 0.11932186420046131
          },
          "f32_recall": {
            "point": 0.7567567567567568,
            "lo": 0.6578947368421053,
            "hi": 0.8533333333333334
          },
          "f41_recall": {
            "point": 0.2962962962962963,
            "lo": 0.19767082974447314,
            "hi": 0.4
          }
        },
        "hied_bge-m3_evidence": {
          "top1_acc": {
            "point": 0.45,
            "lo": 0.38,
            "hi": 0.52
          },
          "top3_acc": {
            "point": 0.74,
            "lo": 0.675,
            "hi": 0.8
          },
          "macro_f1": {
            "point": 0.11003311088476347,
            "lo": 0.0919737414081769,
            "hi": 0.1412560222391656
          },
          "f32_recall": {
            "point": 0.7837837837837838,
            "lo": 0.6857142857142857,
            "hi": 0.8717948717948718
          },
          "f41_recall": {
            "point": 0.35802469135802467,
            "lo": 0.2535211267605634,
            "hi": 0.4626865671641791
          }
        },
        "hied_bge-m3_no_somatization": {
          "top1_acc": {
            "point": 0.415,
            "lo": 0.35,
            "hi": 0.485
          },
          "top3_acc": {
            "point": 0.74,
            "lo": 0.68,
            "hi": 0.8
          },
          "macro_f1": {
            "point": 0.09912150582007041,
            "lo": 0.07893198337155775,
            "hi": 0.13005744045392542
          },
          "f32_recall": {
            "point": 0.8243243243243243,
            "lo": 0.7323943661971831,
            "hi": 0.9066666666666666
          },
          "f41_recall": {
            "point": 0.2345679012345679,
            "lo": 0.14473684210526316,
            "hi": 0.3333333333333333
          }
        },
        "psycot_no_evidence": {
          "top1_acc": {
            "point": 0.415,
            "lo": 0.345,
            "hi": 0.485
          },
          "top3_acc": {
            "point": 0.625,
            "lo": 0.555,
            "hi": 0.69
          },
          "macro_f1": {
            "point": 0.09893680028891295,
            "lo": 0.06930963494571332,
            "hi": 0.13820688523654623
          },
          "f32_recall": {
            "point": 0.8513513513513513,
            "lo": 0.765625,
            "hi": 0.9295774647887324
          },
          "f41_recall": {
            "point": 0.2222222222222222,
            "lo": 0.13513513513513514,
            "hi": 0.3157894736842105
          }
        },
        "psycot_bge-m3_evidence": {
          "top1_acc": {
            "point": 0.415,
            "lo": 0.35,
            "hi": 0.485
          },
          "top3_acc": {
            "point": 0.74,
            "lo": 0.68,
            "hi": 0.8
          },
          "macro_f1": {
            "point": 0.09658757664622768,
            "lo": 0.07505547555428359,
            "hi": 0.1301092870364929
          },
          "f32_recall": {
            "point": 0.8513513513513513,
            "lo": 0.7647058823529411,
            "hi": 0.926829268292683
          },
          "f41_recall": {
            "point": 0.2222222222222222,
            "lo": 0.13414634146341464,
            "hi": 0.31645569620253167
          }
        },
        "psycot_bge-m3_no_somatization": {
          "top1_acc": {
            "point": 0.41,
            "lo": 0.345,
            "hi": 0.475
          },
          "top3_acc": {
            "point": 0.74,
            "lo": 0.675,
            "hi": 0.8
          },
          "macro_f1": {
            "point": 0.0950467380826013,
            "lo": 0.07294308579756341,
            "hi": 0.12713025570580294
          },
          "f32_recall": {
            "point": 0.8513513513513513,
            "lo": 0.7671232876712328,
            "hi": 0.927536231884058
          },
          "f41_recall": {
            "point": 0.20987654320987653,
            "lo": 0.12643678160919541,
            "hi": 0.3048780487804878
          }
        },
        "single_no_evidence": {
          "top1_acc": {
            "point": 0.39,
            "lo": 0.325,
            "hi": 0.46
          },
          "top3_acc": {
            "point": 0.515,
            "lo": 0.445,
            "hi": 0.585
          },
          "macro_f1": {
            "point": 0.042876003851613595,
            "lo": 0.03874274269664158,
            "hi": 0.05969071127596853
          },
          "f32_recall": {
            "point": 0.7972972972972973,
            "lo": 0.7023652882205513,
            "hi": 0.8857142857142857
          },
          "f41_recall": {
            "point": 0.2345679012345679,
            "lo": 0.14285714285714285,
            "hi": 0.3333333333333333
          }
        },
        "single_bge-m3_evidence": {
          "top1_acc": {
            "point": 0.415,
            "lo": 0.345,
            "hi": 0.48
          },
          "top3_acc": {
            "point": 0.735,
            "lo": 0.67,
            "hi": 0.795
          },
          "macro_f1": {
            "point": 0.06590098223537662,
            "lo": 0.04726561096114065,
            "hi": 0.10738282482758693
          },
          "f32_recall": {
            "point": 0.9864864864864865,
            "lo": 0.9552238805970149,
            "hi": 1.0
          },
          "f41_recall": {
            "point": 0.1111111111111111,
            "lo": 0.04597701149425287,
            "hi": 0.18292682926829268
          }
        },
        "single_bge-m3_no_somatization": {
          "top1_acc": {
            "point": 0.41,
            "lo": 0.345,
            "hi": 0.48
          },
          "top3_acc": {
            "point": 0.735,
            "lo": 0.675,
            "hi": 0.795
          },
          "macro_f1": {
            "point": 0.06445428350551691,
            "lo": 0.045899413044853024,
            "hi": 0.10617965191637953
          },
          "f32_recall": {
            "point": 0.9864864864864865,
            "lo": 0.9545454545454546,
            "hi": 1.0
          },
          "f41_recall": {
            "point": 0.09876543209876543,
            "lo": 0.038461538461538464,
            "hi": 0.16666666666666666
          }
        }
      },
      "deltas": {
        "Evidence (hied+ev vs hied-noev)": {
          "top1_acc": {
            "delta": 0.040000000000000036,
            "lo": -0.015000000000000013,
            "hi": 0.09500000000000003,
            "excludes_zero": false
          },
          "top3_acc": {
            "delta": 0.10999999999999999,
            "lo": 0.06999999999999995,
            "hi": 0.15500000000000003,
            "excludes_zero": true
          },
          "macro_f1": {
            "delta": 0.018853111658787225,
            "lo": 0.003009419663367744,
            "hi": 0.03752545242977505,
            "excludes_zero": true
          },
          "f32_recall": {
            "delta": 0.027027027027026973,
            "lo": -0.08108108108108103,
            "hi": 0.1325301204819277,
            "excludes_zero": false
          },
          "f41_recall": {
            "delta": 0.06172839506172839,
            "lo": -0.035725043029259926,
            "hi": 0.16216216216216212,
            "excludes_zero": false
          }
        },
        "Somatization (hied+ev vs hied+ev-nosom)": {
          "top1_acc": {
            "delta": 0.03500000000000003,
            "lo": -0.010000000000000009,
            "hi": 0.08000000000000002,