{
  "strategy_a_absolute": {
    "0.0": {
      "all": {
        "hamming": 0.402936,
        "subset": 0.160445,
        "label_cov": 0.669286,
        "label_prec": 0.417758,
        "avg_pred": 1.881467,
        "comorbid_f1": 0.172555
      },
      "lingxidiag": {
        "hamming": 0.40418,
        "subset": 0.177778,
        "label_cov": 0.642328,
        "label_prec": 0.419665,
        "avg_pred": 1.782011,
        "comorbid_f1": 0.162857,
        "4class_acc": 0.224339,
        "4cls_Depression_prec": 0.476987,
        "4cls_Depression_rec": 0.364217,
        "4cls_Anxiety_prec": 0.461538,
        "4cls_Anxiety_rec": 0.199446,
        "4cls_Mixed_prec": 0.031895,
        "4cls_Mixed_rec": 0.472222,
        "4cls_Other_prec": 0.529412,
        "4cls_Other_rec": 0.038298
      }
    },
    "0.1": {
      "all": {
        "hamming": 0.402936,
        "subset": 0.160445,
        "label_cov": 0.669286,
        "label_prec": 0.417758,
        "avg_pred": 1.881467,
        "comorbid_f1": 0.172555
      },
      "lingxidiag": {
        "hamming": 0.40418,
        "subset": 0.177778,
        "label_cov": 0.642328,
        "label_prec": 0.419665,
        "avg_pred": 1.782011,
        "comorbid_f1": 0.162857,
        "4class_acc": 0.224339,
        "4cls_Depression_prec": 0.476987,
        "4cls_Depression_rec": 0.364217,
        "4cls_Anxiety_prec": 0.461538,
        "4cls_Anxiety_rec": 0.199446,
        "4cls_Mixed_prec": 0.031895,
        "4cls_Mixed_rec": 0.472222,
        "4cls_Other_prec": 0.529412,
        "4cls_Other_rec": 0.038298
      }
    },
    "0.2": {
      "all": {
        "hamming": 0.402936,
        "subset": 0.160445,
        "label_cov": 0.669286,
        "label_prec": 0.417758,
        "avg_pred": 1.881467,
        "comorbid_f1": 0.172555
      },
      "lingxidiag": {
        "hamming": 0.40418,
        "subset": 0.177778,
        "label_cov": 0.642328,
        "label_prec": 0.419665,
        "avg_pred": 1.782011,
        "comorbid_f1": 0.162857,
        "4class_acc": 0.224339,
        "4cls_Depression_prec": 0.476987,
        "4cls_Depression_rec": 0.364217,
        "4cls_Anxiety_prec": 0.461538,
        "4cls_Anxiety_rec": 0.199446,
        "4cls_Mixed_prec": 0.031895,
        "4cls_Mixed_rec": 0.472222,
        "4cls_Other_prec": 0.529412,
        "4cls_Other_rec": 0.038298
      }
    },
    "0.3": {
      "all": {
        "hamming": 0.402936,
        "subset": 0.160445,
        "label_cov": 0.669286,
        "label_prec": 0.417758,
        "avg_pred": 1.881467,
        "comorbid_f1": 0.172555
      },
      "lingxidiag": {
        "hamming": 0.40418,
        "subset": 0.177778,
        "label_cov": 0.642328,
        "label_prec": 0.419665,
        "avg_pred": 1.782011,
        "comorbid_f1": 0.162857,
        "4class_acc": 0.224339,
        "4cls_Depression_prec": 0.476987,
        "4cls_Depression_rec": 0.364217,
        "4cls_Anxiety_prec": 0.461538,
        "4cls_Anxiety_rec": 0.199446,
        "4cls_Mixed_prec": 0.031895,
        "4cls_Mixed_rec": 0.472222,
        "4cls_Other_prec": 0.529412,
        "4cls_Other_rec": 0.038298
      }
    },
    "0.4": {
      "all": {
        "hamming": 0.402936,
        "subset": 0.160445,
        "label_cov": 0.669286,
        "label_prec": 0.417758,
        "avg_pred": 1.881467,
        "comorbid_f1": 0.172555
      },
      "lingxidiag": {
        "hamming": 0.40418,
        "subset": 0.177778,
        "label_cov": 0.642328,
        "label_prec": 0.419665,
        "avg_pred": 1.782011,
        "comorbid_f1": 0.162857,
        "4class_acc": 0.224339,
        "4cls_Depression_prec": 0.476987,
        "4cls_Depression_rec": 0.364217,
        "4cls_Anxiety_prec": 0.461538,
        "4cls_Anxiety_rec": 0.199446,
        "4cls_Mixed_prec": 0.031895,
        "4cls_Mixed_rec": 0.472222,
        "4cls_Other_prec": 0.529412,
        "4cls_Other_rec": 0.038298
      }
    },
    "0.5": {
      "all": {
        "hamming": 0.402936,
        "subset": 0.160445,
        "label_cov": 0.669286,
        "label_prec": 0.417758,
        "avg_pred": 1.881467,
        "comorbid_f1": 0.172555
      },
      "lingxidiag": {
        "hamming": 0.40418,
        "subset": 0.177778,
        "label_cov": 0.642328,
        "label_prec": 0.419665,
        "avg_pred": 1.782011,
        "comorbid_f1": 0.162857,
        "4class_acc": 0.224339,
        "4cls_Depression_prec": 0.476987,
        "4cls_Depression_rec": 0.364217,
        "4cls_Anxiety_prec": 0.461538,
        "4cls_Anxiety_rec": 0.199446,
        "4cls_Mixed_prec": 0.031895,
        "4cls_Mixed_rec": 0.472222,
        "4cls_Other_prec": 0.529412,
        "4cls_Other_rec": 0.038298
      }
    },
    "0.6": {
      "all": {
        "hamming": 0.402936,
        "subset": 0.160445,
        "label_cov": 0.669286,
        "label_prec": 0.417758,
        "avg_pred": 1.881467,
        "comorbid_f1": 0.172555
      },
      "lingxidiag": {
        "hamming": 0.40418,
        "subset": 0.177778,
        "label_cov": 0.642328,
        "label_prec": 0.419665,
        "avg_pred": 1.782011,
        "comorbid_f1": 0.162857,
        "4class_acc": 0.224339,
        "4cls_Depression_prec": 0.476987,
        "4cls_Depression_rec": 0.364217,
        "4cls_Anxiety_prec": 0.461538,
        "4cls_Anxiety_rec": 0.199446,
        "4cls_Mixed_prec": 0.031895,
        "4cls_Mixed_rec": 0.472222,
        "4cls_Other_prec": 0.529412,
        "4cls_Other_rec": 0.038298
      }
    },
    "0.7": {
      "all": {
        "hamming": 0.408775,
        "subset": 0.224623,
        "label_cov": 0.604126,
        "label_prec": 0.426654,
        "avg_pred": 1.662737,
        "comorbid_f1": 0.176842
      },
      "lingxidiag": {
        "hamming": 0.402152,
        "subset": 0.259259,
        "label_cov": 0.54127,
        "label_prec": 0.421429,
        "avg_pred": 1.486772,
        "comorbid_f1": 0.177966,
        "4class_acc": 0.311111,
        "4cls_Depression_prec": 0.430642,
        "4cls_Depression_rec": 0.664537,
        "4cls_Anxiety_prec": 0.457746,
        "4cls_Anxiety_rec": 0.180055,
        "4cls_Mixed_prec": 0.024221,
        "4cls_Mixed_rec": 0.194444,
        "4cls_Other_prec": 0.451613,
        "4cls_Other_rec": 0.059574
      }
    }
  },
  "strategy_b_ratio": {
    "0.0": {
      "all": {
        "hamming": 0.402936,
        "subset": 0.160445,
        "label_cov": 0.669286,
        "label_prec": 0.417758,
        "avg_pred": 1.881467,
        "comorbid_f1": 0.172555
      },
      "lingxidiag": {
        "hamming": 0.40418,
        "subset": 0.177778,
        "label_cov": 0.642328,
        "label_prec": 0.419665,
        "avg_pred": 1.782011,
        "comorbid_f1": 0.162857,
        "4class_acc": 0.224339,
        "4cls_Depression_prec": 0.476987,
        "4cls_Depression_rec": 0.364217,
        "4cls_Anxiety_prec": 0.461538,
        "4cls_Anxiety_rec": 0.199446,
        "4cls_Mixed_prec": 0.031895,
        "4cls_Mixed_rec": 0.472222,
        "4cls_Other_prec": 0.529412,
        "4cls_Other_rec": 0.038298
      }
    },
    "0.3": {
      "all": {
        "hamming": 0.39726,
        "subset": 0.160445,
        "label_cov": 0.651604,
        "label_prec": 0.412083,
        "avg_pred": 1.856582,
        "comorbid_f1": 0.173267
      },
      "lingxidiag": {
        "hamming": 0.40418,
        "subset": 0.177778,
        "label_cov": 0.642328,
        "label_prec": 0.419665,
        "avg_pred": 1.77672,
        "comorbid_f1": 0.162857,
        "4class_acc": 0.224339,
        "4cls_Depression_prec": 0.476987,
        "4cls_Depression_rec": 0.364217,
        "4cls_Anxiety_prec": 0.461538,
        "4cls_Anxiety_rec": 0.199446,
        "4cls_Mixed_prec": 0.031895,
        "4cls_Mixed_rec": 0.472222,
        "4cls_Other_prec": 0.529412,
        "4cls_Other_rec": 0.038298
      }
    },
    "0.4": {
      "all": {
        "hamming": 0.39726,
        "subset": 0.160445,
        "label_cov": 0.651604,
        "label_prec": 0.412083,
        "avg_pred": 1.856582,