{
  "strategy_a_absolute": {
    "0.0": {
      "all": {
        "hamming": 0.38271,
        "subset": 0.130952,
        "label_cov": 0.656888,
        "label_prec": 0.399447,
        "avg_pred": 1.913265,
        "comorbid_f1": 0.180698
      },
      "lingxidiag": {
        "hamming": 0.394274,
        "subset": 0.129915,
        "label_cov": 0.687179,
        "label_prec": 0.409259,
        "avg_pred": 1.993162,
        "comorbid_f1": 0.171206,
        "4class_acc": 0.160684,
        "4cls_Depression_prec": 0.524752,
        "4cls_Depression_rec": 0.271795,
        "4cls_Anxiety_prec": 0.419355,
        "4cls_Anxiety_rec": 0.119266,
        "4cls_Mixed_prec": 0.026379,
        "4cls_Mixed_rec": 0.478261,
        "4cls_Other_prec": 0.8,
        "4cls_Other_rec": 0.026846
      }
    },
    "0.1": {
      "all": {
        "hamming": 0.38271,
        "subset": 0.130952,
        "label_cov": 0.656888,
        "label_prec": 0.399447,
        "avg_pred": 1.913265,
        "comorbid_f1": 0.180698
      },
      "lingxidiag": {
        "hamming": 0.394274,
        "subset": 0.129915,
        "label_cov": 0.687179,
        "label_prec": 0.409259,
        "avg_pred": 1.993162,
        "comorbid_f1": 0.171206,
        "4class_acc": 0.160684,
        "4cls_Depression_prec": 0.524752,
        "4cls_Depression_rec": 0.271795,
        "4cls_Anxiety_prec": 0.419355,
        "4cls_Anxiety_rec": 0.119266,
        "4cls_Mixed_prec": 0.026379,
        "4cls_Mixed_rec": 0.478261,
        "4cls_Other_prec": 0.8,
        "4cls_Other_rec": 0.026846
      }
    },
    "0.2": {
      "all": {
        "hamming": 0.38271,
        "subset": 0.130952,
        "label_cov": 0.656888,
        "label_prec": 0.399447,
        "avg_pred": 1.913265,
        "comorbid_f1": 0.180698
      },
      "lingxidiag": {
        "hamming": 0.394274,
        "subset": 0.129915,
        "label_cov": 0.687179,
        "label_prec": 0.409259,
        "avg_pred": 1.993162,
        "comorbid_f1": 0.171206,
        "4class_acc": 0.160684,
        "4cls_Depression_prec": 0.524752,
        "4cls_Depression_rec": 0.271795,
        "4cls_Anxiety_prec": 0.419355,
        "4cls_Anxiety_rec": 0.119266,
        "4cls_Mixed_prec": 0.026379,
        "4cls_Mixed_rec": 0.478261,
        "4cls_Other_prec": 0.8,
        "4cls_Other_rec": 0.026846
      }
    },
    "0.3": {
      "all": {
        "hamming": 0.38271,
        "subset": 0.130952,
        "label_cov": 0.656888,
        "label_prec": 0.399447,
        "avg_pred": 1.913265,
        "comorbid_f1": 0.180698
      },
      "lingxidiag": {
        "hamming": 0.394274,
        "subset": 0.129915,
        "label_cov": 0.687179,
        "label_prec": 0.409259,
        "avg_pred": 1.993162,
        "comorbid_f1": 0.171206,
        "4class_acc": 0.160684,
        "4cls_Depression_prec": 0.524752,
        "4cls_Depression_rec": 0.271795,
        "4cls_Anxiety_prec": 0.419355,
        "4cls_Anxiety_rec": 0.119266,
        "4cls_Mixed_prec": 0.026379,
        "4cls_Mixed_rec": 0.478261,
        "4cls_Other_prec": 0.8,
        "4cls_Other_rec": 0.026846
      }
    },
    "0.4": {
      "all": {
        "hamming": 0.38271,
        "subset": 0.130952,
        "label_cov": 0.656888,
        "label_prec": 0.399447,
        "avg_pred": 1.913265,
        "comorbid_f1": 0.180698
      },
      "lingxidiag": {
        "hamming": 0.394274,
        "subset": 0.129915,
        "label_cov": 0.687179,
        "label_prec": 0.409259,
        "avg_pred": 1.993162,
        "comorbid_f1": 0.171206,
        "4class_acc": 0.160684,
        "4cls_Depression_prec": 0.524752,
        "4cls_Depression_rec": 0.271795,
        "4cls_Anxiety_prec": 0.419355,
        "4cls_Anxiety_rec": 0.119266,
        "4cls_Mixed_prec": 0.026379,
        "4cls_Mixed_rec": 0.478261,
        "4cls_Other_prec": 0.8,
        "4cls_Other_rec": 0.026846
      }
    },
    "0.5": {
      "all": {
        "hamming": 0.38271,
        "subset": 0.130952,
        "label_cov": 0.656888,
        "label_prec": 0.399447,
        "avg_pred": 1.913265,
        "comorbid_f1": 0.180698
      },
      "lingxidiag": {
        "hamming": 0.394274,
        "subset": 0.129915,
        "label_cov": 0.687179,
        "label_prec": 0.409259,
        "avg_pred": 1.993162,
        "comorbid_f1": 0.171206,
        "4class_acc": 0.160684,
        "4cls_Depression_prec": 0.524752,
        "4cls_Depression_rec": 0.271795,
        "4cls_Anxiety_prec": 0.419355,
        "4cls_Anxiety_rec": 0.119266,
        "4cls_Mixed_prec": 0.026379,
        "4cls_Mixed_rec": 0.478261,
        "4cls_Other_prec": 0.8,
        "4cls_Other_rec": 0.026846
      }
    },
    "0.6": {
      "all": {
        "hamming": 0.38271,
        "subset": 0.130952,
        "label_cov": 0.656888,
        "label_prec": 0.399447,
        "avg_pred": 1.913265,
        "comorbid_f1": 0.180698
      },
      "lingxidiag": {
        "hamming": 0.394274,
        "subset": 0.129915,
        "label_cov": 0.687179,
        "label_prec": 0.409259,
        "avg_pred": 1.993162,
        "comorbid_f1": 0.171206,
        "4class_acc": 0.160684,
        "4cls_Depression_prec": 0.524752,
        "4cls_Depression_rec": 0.271795,
        "4cls_Anxiety_prec": 0.419355,
        "4cls_Anxiety_rec": 0.119266,
        "4cls_Mixed_prec": 0.026379,
        "4cls_Mixed_rec": 0.478261,
        "4cls_Other_prec": 0.8,
        "4cls_Other_rec": 0.026846
      }
    },
    "0.7": {
      "all": {
        "hamming": 0.387316,
        "subset": 0.168367,
        "label_cov": 0.618622,
        "label_prec": 0.406392,
        "avg_pred": 1.77551,
        "comorbid_f1": 0.17757
      },
      "lingxidiag": {
        "hamming": 0.394701,
        "subset": 0.188034,
        "label_cov": 0.613675,
        "label_prec": 0.413248,
        "avg_pred": 1.755556,
        "comorbid_f1": 0.165854,
        "4class_acc": 0.237607,
        "4cls_Depression_prec": 0.448889,
        "4cls_Depression_rec": 0.517949,
        "4cls_Anxiety_prec": 0.423729,
        "4cls_Anxiety_rec": 0.114679,
        "4cls_Mixed_prec": 0.023891,
        "4cls_Mixed_rec": 0.304348,
        "4cls_Other_prec": 0.75,
        "4cls_Other_rec": 0.040268
      }
    }
  },
  "strategy_b_ratio": {
    "0.0": {
      "all": {
        "hamming": 0.38271,
        "subset": 0.130952,
        "label_cov": 0.656888,
        "label_prec": 0.399447,
        "avg_pred": 1.913265,
        "comorbid_f1": 0.180698
      },
      "lingxidiag": {
        "hamming": 0.394274,
        "subset": 0.129915,
        "label_cov": 0.687179,
        "label_prec": 0.409259,
        "avg_pred": 1.993162,
        "comorbid_f1": 0.171206,
        "4class_acc": 0.160684,
        "4cls_Depression_prec": 0.524752,
        "4cls_Depression_rec": 0.271795,
        "4cls_Anxiety_prec": 0.419355,
        "4cls_Anxiety_rec": 0.119266,
        "4cls_Mixed_prec": 0.026379,
        "4cls_Mixed_rec": 0.478261,
        "4cls_Other_prec": 0.8,
        "4cls_Other_rec": 0.026846
      }
    },
    "0.3": {
      "all": {
        "hamming": 0.378812,
        "subset": 0.130952,
        "label_cov": 0.644133,
        "label_prec": 0.39555,
        "avg_pred": 1.894558,
        "comorbid_f1": 0.18107
      },
      "lingxidiag": {
        "hamming": 0.394274,
        "subset": 0.129915,
        "label_cov": 0.687179,
        "label_prec": 0.409259,
        "avg_pred": 1.988034,
        "comorbid_f1": 0.171206,
        "4class_acc": 0.160684,
        "4cls_Depression_prec": 0.524752,
        "4cls_Depression_rec": 0.271795,
        "4cls_Anxiety_prec": 0.419355,
        "4cls_Anxiety_rec": 0.119266,
        "4cls_Mixed_prec": 0.026379,
        "4cls_Mixed_rec": 0.478261,
        "4cls_Other_prec": 0.8,
        "4cls_Other_rec": 0.026846
      }
    },
    "0.4": {
      "all": {
        "hamming": 0.378812,
        "subset": 0.130952,
        "label_cov": 0.644133,
        "label_prec": 0.39555,
        "avg_pred": 1.894558,
        "comorbid_f1": 0.18107
      },