{
  "top3": {
    "metric": "Top-3",
    "delta_cn": 0.15500000000000003,
    "delta_en": -0.025000000000000022,
    "observed_gap": 0.18000000000000005,
    "p_value": 0.0,
    "significant": true,
    "ci_95_lower": 0.09999999999999998,
    "ci_95_upper": 0.26,
    "n_cn": 200,
    "n_en": 200,
    "n_resamples": 10000
  },
  "top1": {
    "metric": "Top-1",
    "delta_cn": -0.0050000000000000044,
    "delta_en": 0.020000000000000018,
    "observed_gap": -0.025000000000000022,
    "p_value": 0.7077,
    "significant": false,
    "ci_95_lower": -0.12000000000000005,
    "ci_95_upper": 0.07499999999999996,
    "n_cn": 200,
    "n_en": 200,
    "n_resamples": 10000
  }
}