{
  "sweep_name": "v10_mdd5k",
  "timestamp": "2026-03-21T03:48:07.951974",
  "provider": "vllm",
  "model": "Qwen/Qwen3-32B-AWQ",
  "n_cases": 200,
  "seed": 42,
  "n_conditions": 2,
  "conditions": {
    "hied_no_evidence": {
      "condition": "hied_no_evidence",
      "n_cases": 200,
      "metrics_parent_normalized": {
        "accuracy": 0.12,
        "top1_accuracy": 0.495,
        "top3_accuracy": 0.685,
        "macro_f1": 0.07227438099885058,
        "weighted_f1": 0.45976180613090306,
        "overall": 0.3664072374259507
      },
      "metrics_exact": {
        "accuracy": 0.035,
        "top1_accuracy": 0.295,
        "top3_accuracy": 0.405,
        "macro_f1": 0.043957219251336895,
        "weighted_f1": 0.27102941176470585,
        "overall": 0.20999732620320852
      },
      "total_seconds": 12753.7,
      "avg_seconds_per_case": 63.8
    },
    "psycot_no_evidence": {
      "condition": "psycot_no_evidence",
      "n_cases": 200,
      "metrics_parent_normalized": {
        "accuracy": 0.115,
        "top1_accuracy": 0.395,
        "top3_accuracy": 0.635,
        "macro_f1": 0.06156833401548719,
        "weighted_f1": 0.3361543485175585,
        "overall": 0.3085445365066091
      },
      "metrics_exact": {
        "accuracy": 0.045,
        "top1_accuracy": 0.13,
        "top3_accuracy": 0.355,
        "macro_f1": 0.03565276828434723,
        "weighted_f1": 0.1603622693096377,
        "overall": 0.145203007518797
      },
      "total_seconds": 2284.3,
      "avg_seconds_per_case": 11.4
    }
  }
}
