{
  "sweep_name": "vllm_v5_checker_diff",
  "timestamp": "2026-03-20T13:17:25.998387",
  "provider": "vllm",
  "model": "Qwen/Qwen3-32B-AWQ",
  "n_cases": 50,
  "seed": 42,
  "n_conditions": 2,
  "conditions": {
    "hied_no_evidence": {
      "condition": "hied_no_evidence",
      "n_cases": 50,
      "metrics_parent_normalized": {
        "accuracy": 0.22,
        "top1_accuracy": 0.54,
        "top3_accuracy": 0.68,
        "macro_f1": 0.1719013062409289,
        "weighted_f1": 0.5152754716981132,
        "overall": 0.42543535558780843
      },
      "metrics_exact": {
        "accuracy": 0.16,
        "top1_accuracy": 0.42,
        "top3_accuracy": 0.44,
        "macro_f1": 0.1169811320754717,
        "weighted_f1": 0.3520754716981132,
        "overall": 0.29781132075471695
      },
      "total_seconds": 3195.3,
      "avg_seconds_per_case": 63.9
    },
    "hied_bge-m3_evidence": {
      "condition": "hied_bge-m3_evidence",
      "n_cases": 50,
      "metrics_parent_normalized": {
        "accuracy": 0.06,
        "top1_accuracy": 0.46,
        "top3_accuracy": 0.72,
        "macro_f1": 0.10318922459674117,
        "weighted_f1": 0.3787521493490542,
        "overall": 0.34438827478915907
      },
      "metrics_exact": {
        "accuracy": 0.04,
        "top1_accuracy": 0.4,
        "top3_accuracy": 0.4,
        "macro_f1": 0.06981436642453591,
        "weighted_f1": 0.29005649717514126,
        "overall": 0.23997417271993546
      },
      "total_seconds": 9885.5,
      "avg_seconds_per_case": 197.7
    }
  }
}
