{
  "a": 0.2635142277330746,
  "b": -0.5655591685498121,
  "optimal_threshold": 0.3999999999999998,
  "fitted": true
}