{
  "a": 0.21321989345877146,
  "b": -0.35915223669939667,
  "optimal_threshold": 0.1,
  "fitted": true
}