{
  "condition": "hied_bge-m3_evidence",
  "n_cases": 50,
  "metrics_parent_normalized": {
    "accuracy": 0.06,
    "top1_accuracy": 0.46,
    "top3_accuracy": 0.72,
    "macro_f1": 0.10318922459674117,
    "weighted_f1": 0.3787521493490542,
    "overall": 0.34438827478915907
  },
  "metrics_exact": {
    "accuracy": 0.04,
    "top1_accuracy": 0.4,
    "top3_accuracy": 0.4,
    "macro_f1": 0.06981436642453591,
    "weighted_f1": 0.29005649717514126,
    "overall": 0.23997417271993546
  },
  "total_seconds": 9885.5,
  "avg_seconds_per_case": 197.7
}
