{
  "method": "pooled_pairwise_logistic_regression",
  "include_identity": true,
  "pointwise_cols": [
    "threshold_ratio",
    "avg_confidence",
    "n_criteria_met",
    "n_criteria_total",
    "criteria_required",
    "margin",
    "evidence_coverage",
    "has_comorbid"
  ],
  "disorder_ids": {
    "F32": 0,
    "F33": 1,
    "F41.1": 2,
    "F42": 3,
    "F43.1": 4,
    "F39": 5,
    "F45": 6,
    "F51": 7,
    "F20": 8,
    "F31": 9
  },
  "n_disorders": 10,
  "coefficients": [
    0.14438183663387444,
    0.36866839107362903,
    0.809940419605611,
    0.014164961072712505,
    0.0,
    -0.17760240341575137,
    0.0,
    0.0,
    -0.5108374069545871,
    -0.020244882802636734,
    -0.11885653759973712,
    0.08954745453137745,
    0.0,
    -0.20649926452347175,
    0.0,
    0.0,
    0.13008457188015257,
    -0.3309570008890734,
    0.27257634564977823,
    0.0461802609609973,
    -0.7489468234126737,
    0.4276266627361541,
    -0.0882135143030691,
    -0.5937737228280554,
    0.0,
    0.0,
    0.0,
    0.0,
    0.0,
    -0.25566931107191254,
    0.6085118953992065,
    -0.6560484626642472,
    0.5384674609239738,
    0.8302216128004033,
    0.0,
    0.0,
    0.0,
    0.0,
    0.0
  ],
  "intercept": 0.9774823440518834,
  "scaler_mean": [
    0.05120481927710843,
    0.016393975903614456,
    1.3654618473895583,
    1.1526104417670682,
    0.0,
    0.21399718875502022,
    0.0,
    0.0,
    0.07931726907630522,
    0.044385140562249036,
    2.321285140562249,
    5.192771084337349,
    0.0,
    0.4193947791164657,
    0.0,
    0.0,
    1.0789825970548865,
    1.0218069227233288,
    1.4293236437814754,
    0.5220883534136547,
    0.024096385542168676,
    0.3333333333333333,
    0.10040160642570281,
    0.020080321285140562,
    0.0,
    0.0,
    0.0,
    0.0,
    0.0,
    0.3333333333333333,
    0.024096385542168676,
    0.5020080321285141,
    0.040160642570281124,
    0.10040160642570281,
    0.0,
    0.0,
    0.0,
    0.0,
    0.0
  ],
  "scaler_scale": [
    0.1386196807108901,
    0.053708455915271215,
    2.572438853338766,
    5.478032362730252,
    1.0,
    0.4761519054465389,
    1.0,
    1.0,
    0.12468408167792484,
    0.03439941830904012,
    1.7588527530888638,
    2.0910470734204605,
    1.0,
    0.31084313263328245,
    1.0,
    1.0,
    0.19832529577864585,
    0.06558812913340223,
    0.6684302636331894,
    0.49951186636903083,
    0.15334845857057708,
    0.47140452079103196,
    0.30053472986136004,
    0.14027509394837814,
    1.0,
    1.0,
    1.0,
    1.0,
    1.0,
    0.471404520791032,
    0.15334845857057705,
    0.49999596779071187,
    0.19633584837880005,
    0.30053472986136043,
    1.0,
    1.0,
    1.0,
    1.0,
    1.0
  ],
  "feature_dim": 39
}