{
  "train_file": "outputs/ranker_features/mdd5k_hied.csv",
  "test_file": "outputs/ranker_features/lingxidiag_hied.csv",
  "baseline_test_top1": 0.44385026737967914,
  "learned_test_top1": 0.45989304812834225,
  "delta_pp": 1.6,
  "features": [
    "threshold_ratio",
    "avg_confidence",
    "n_criteria_met",
    "n_criteria_total",
    "criteria_required",
    "margin",
    "evidence_coverage",
    "has_comorbid"
  ],
  "coefficients": {
    "threshold_ratio": 0.4562,
    "avg_confidence": 0.4966,
    "n_criteria_met": -0.1762,
    "n_criteria_total": 0.3868,
    "criteria_required": 0.0,
    "margin": 0.4796,
    "evidence_coverage": 0.0,
    "has_comorbid": -0.2573
  },
  "intercept": -0.6564,
  "scaler_mean": [
    0.9810126582278481,
    0.8729589873417726,
    5.782278481012658,
    7.574683544303798,
    4.0,
    0.5584070886075948,
    1.0,
    0.8936708860759494
  ],
  "scaler_scale": [
    0.07084650794407935,
    0.035908661047371705,
    2.02970095032859,
    3.11815704878193,
    1.0,
    0.4124563583516293,
    1.0,
    0.3082583874871475
  ]
}