{
  "train_file": "outputs/ranker_features/lingxidiag_hied.csv",
  "test_file": "outputs/ranker_features/mdd5k_hied.csv",
  "baseline_test_top1": 0.5412371134020618,
  "learned_test_top1": 0.4072164948453608,
  "delta_pp": -13.4,
  "features": [
    "threshold_ratio",
    "avg_confidence",
    "n_criteria_met",
    "n_criteria_total",
    "criteria_required",
    "margin",
    "evidence_coverage",
    "has_comorbid"
  ],
  "coefficients": {
    "threshold_ratio": 0.3375,
    "avg_confidence": -0.2127,
    "n_criteria_met": 0.4029,
    "n_criteria_total": -0.1552,
    "criteria_required": 0.0,
    "margin": -0.2026,
    "evidence_coverage": 0.0,
    "has_comorbid": -0.1753
  },
  "intercept": -0.4475,
  "scaler_mean": [
    0.9111111111111111,
    0.8487469841269836,
    4.59047619047619,
    7.584126984126984,
    4.0,
    0.1623628571428569,
    1.0,
    0.7523809523809524
  ],
  "scaler_scale": [
    0.1322708994031726,
    0.04748213982136461,
    1.6467104568800761,
    3.109902583540705,
    1.0,
    0.24269318284896388,
    1.0,
    0.431629302614272
  ]
}